Date,CLOSE,HIGH,LOW,OPEN,COUNT
2016-01-01,1.0858,1.0867,1.0843,1.086,240.0
2016-01-04,1.0829,1.0946,1.078,1.0856,56207.0
2016-01-05,1.0746,1.0838,1.0709,1.0829,49003.0
2016-01-06,1.0778,1.0799,1.0718,1.0746,52604.0
2016-01-07,1.0934,1.094,1.0769,1.0778,65124.0
2016-01-08,1.0929,1.0933,1.0801,1.0931,59569.0
2016-01-11,1.0859,1.0968,1.0846,1.0922,51543.0
2016-01-12,1.0854,1.09,1.0818,1.0856,54338.0
2016-01-13,1.0873,1.0887,1.0803,1.0854,54739.0
2016-01-14,1.0864,1.0944,1.0833,1.0878,55173.0
2016-01-15,1.0914,1.0984,1.0852,1.0863,59428.0
2016-01-18,1.089,1.0938,1.0867,1.0916,43010.0
2016-01-19,1.0905,1.0938,1.0858,1.0889,54742.0
2016-01-20,1.0889,1.0975,1.0875,1.0908,66999.0
2016-01-21,1.0872,1.092,1.0777,1.0891,58711.0
2016-01-22,1.0794,1.0876,1.0787,1.0871,46555.0
2016-01-25,1.0847,1.0856,1.0786,1.0797,61491.0
2016-01-26,1.0869,1.0873,1.0817,1.0847,64237.0
2016-01-27,1.0891,1.0915,1.0849,1.0869,68641.0
2016-01-28,1.0937,1.0967,1.0867,1.0889,68385.0
2016-01-29,1.0834,1.0948,1.0809,1.0936,73130.0
2016-02-01,1.0886,1.0912,1.0812,1.0831,55513.0
2016-02-02,1.0916,1.094,1.0882,1.0888,64256.0
2016-02-03,1.1103,1.1145,1.0902,1.0916,79344.0
2016-02-04,1.1206,1.1238,1.1068,1.1102,82090.0
2016-02-05,1.1156,1.1243,1.1107,1.1206,78329.0
2016-02-08,1.1195,1.1215,1.1084,1.1156,73117.0
2016-02-09,1.1291,1.1337,1.1161,1.1195,88585.0
2016-02-10,1.1289,1.131,1.1158,1.1291,88981.0
2016-02-11,1.1321,1.1375,1.1271,1.1289,88732.0
2016-02-12,1.1258,1.1332,1.1212,1.1325,72607.0
2016-02-15,1.1153,1.1251,1.1125,1.1249,61453.0
2016-02-16,1.1141,1.1193,1.112,1.1152,81698.0
2016-02-17,1.1127,1.1179,1.1103,1.1142,78262.0
2016-02-18,1.1103,1.1149,1.1068,1.1126,74590.0
2016-02-19,1.1132,1.1138,1.1064,1.1105,75879.0
2016-02-22,1.1026,1.1134,1.1,1.1125,72449.0
2016-02-23,1.1017,1.1051,1.0987,1.1027,80310.0
2016-02-24,1.1011,1.1045,1.0955,1.1017,81342.0
2016-02-25,1.1021,1.1049,1.0985,1.1011,77878.0
2016-02-26,1.0931,1.1068,1.091,1.1017,66332.0
2016-02-29,1.0871,1.0962,1.0856,1.093,66091.0
2016-03-01,1.0864,1.0893,1.0832,1.087,75505.0
2016-03-02,1.0866,1.0879,1.0823,1.0866,73471.0
2016-03-03,1.0955,1.0972,1.0851,1.0865,75165.0
2016-03-04,1.1001,1.1042,1.09,1.0955,74630.0
2016-03-07,1.1012,1.1025,1.0938,1.1006,63316.0
2016-03-08,1.1009,1.1057,1.099,1.1012,68920.0
2016-03-09,1.0997,1.1035,1.0944,1.101,71863.0
2016-03-10,1.1176,1.1217,1.082,1.0997,80094.0
2016-03-11,1.115,1.1209,1.1078,1.1174,75603.0
2016-03-14,1.1104,1.1175,1.1074,1.1149,68536.0
2016-03-15,1.1108,1.1124,1.107,1.1099,74571.0
2016-03-16,1.1222,1.1242,1.1055,1.1107,76247.0
2016-03-17,1.1317,1.1342,1.1203,1.1222,85258.0
2016-03-18,1.1267,1.1336,1.1254,1.1316,81248.0
2016-03-21,1.1239,1.1284,1.1233,1.1268,60436.0
2016-03-22,1.1214,1.126,1.1187,1.1242,68664.0
2016-03-23,1.1183,1.1223,1.1157,1.1217,51053.0
2016-03-24,1.1173,1.1187,1.1142,1.1178,65119.0
2016-03-25,1.1163,1.1186,1.115,1.1173,30093.0
2016-03-28,1.1193,1.1218,1.1151,1.1161,33449.0
2016-03-29,1.1289,1.1303,1.1166,1.1196,75140.0
2016-03-30,1.1336,1.1364,1.1279,1.1288,82139.0
2016-03-31,1.1378,1.1411,1.1307,1.1336,85653.0
2016-04-01,1.1386,1.1437,1.1332,1.1378,83773.0
2016-04-04,1.139,1.1412,1.1355,1.1391,65978.0
2016-04-05,1.1382,1.1404,1.1334,1.1387,76410.0
2016-04-06,1.1397,1.1432,1.1325,1.1382,76595.0
2016-04-07,1.1375,1.1453,1.1335,1.1396,78128.0
2016-04-08,1.1399,1.1419,1.1347,1.1376,72926.0
2016-04-11,1.1406,1.1446,1.1371,1.1405,58571.0
2016-04-12,1.1384,1.1464,1.1345,1.1406,74507.0
2016-04-13,1.1272,1.1391,1.1264,1.1383,78539.0
2016-04-14,1.1266,1.1294,1.1232,1.1272,78514.0
2016-04-15,1.128,1.1317,1.1243,1.1268,72944.0
2016-04-18,1.1312,1.1332,1.1272,1.1295,71348.0
2016-04-19,1.1356,1.1385,1.13,1.1312,74864.0
2016-04-20,1.1295,1.1386,1.1286,1.1354,77689.0
2016-04-21,1.1286,1.1394,1.127,1.1295,79482.0
2016-04-22,1.123,1.1308,1.1216,1.1287,78504.0
2016-04-25,1.1263,1.1277,1.1213,1.1228,74144.0
2016-04-26,1.1298,1.1338,1.1254,1.1264,87187.0
2016-04-27,1.1319,1.1361,1.1271,1.1295,89890.0
2016-04-28,1.1351,1.1368,1.1294,1.1318,90800.0
2016-04-29,1.1454,1.1459,1.1333,1.1352,88418.0
2016-05-02,1.1529,1.1536,1.1443,1.1444,56216.0
2016-05-03,1.1495,1.1614,1.1493,1.1531,73548.0
2016-05-04,1.1485,1.1528,1.1465,1.1494,83994.0
2016-05-05,1.1404,1.1495,1.1384,1.1485,68167.0
2016-05-06,1.1402,1.1476,1.1384,1.1405,69773.0
2016-05-09,1.1381,1.142,1.1373,1.1399,64001.0
2016-05-10,1.1368,1.1409,1.1357,1.1381,67576.0
2016-05-11,1.1425,1.1446,1.1366,1.1371,67739.0
2016-05-12,1.1375,1.1432,1.1366,1.1424,70614.0
2016-05-13,1.1305,1.138,1.1281,1.1375,74349.0
2016-05-16,1.1316,1.1342,1.1299,1.1307,56104.0
2016-05-17,1.1311,1.1347,1.13,1.1318,67698.0
2016-05-18,1.1215,1.1325,1.121,1.1311,72676.0
2016-05-19,1.1202,1.1229,1.1178,1.1215,71582.0
2016-05-20,1.1222,1.1237,1.1192,1.1202,60652.0
2016-05-23,1.1216,1.1243,1.1184,1.1215,60964.0
2016-05-24,1.114,1.1227,1.1129,1.1218,71759.0
2016-05-25,1.1153,1.1167,1.1126,1.1139,69596.0
2016-05-26,1.1192,1.1216,1.1142,1.1152,68030.0
2016-05-27,1.1114,1.12,1.1106,1.1192,67362.0
2016-05-30,1.1144,1.1146,1.1096,1.1114,45330.0
2016-05-31,1.1129,1.1173,1.112,1.1135,85931.0
2016-06-01,1.1185,1.1195,1.1111,1.113,93741.0
2016-06-02,1.1149,1.1219,1.114,1.1187,94307.0
2016-06-03,1.1365,1.1375,1.1134,1.115,84571.0
2016-06-06,1.1351,1.1392,1.1325,1.1349,72594.0
2016-06-07,1.1356,1.138,1.1336,1.1353,68521.0
2016-06-08,1.1392,1.141,1.1347,1.1356,70023.0
2016-06-09,1.1314,1.1415,1.1303,1.1397,75464.0
2016-06-10,1.1249,1.1327,1.1243,1.1315,79089.0
2016-06-13,1.129,1.1302,1.1231,1.1251,70580.0
2016-06-14,1.1206,1.1302,1.1186,1.1291,77614.0
2016-06-15,1.1257,1.1297,1.1188,1.1203,78253.0
2016-06-16,1.1223,1.1295,1.1129,1.1257,86796.0
2016-06-17,1.1274,1.1296,1.1218,1.1223,75577.0
2016-06-20,1.131,1.1382,1.128,1.1281,88802.0
2016-06-21,1.124,1.1349,1.1239,1.131,91899.0
2016-06-22,1.1295,1.1337,1.1234,1.124,94934.0
2016-06-23,1.1385,1.1421,1.1293,1.1294,96246.0
2016-06-24,1.1115,1.1432,1.0909,1.139,122884.0
2016-06-27,1.1022,1.1083,1.0968,1.1068,139361.0
2016-06-28,1.1065,1.111,1.1006,1.1024,138622.0
2016-06-29,1.1123,1.1129,1.1046,1.1063,142998.0
2016-06-30,1.1104,1.1155,1.1022,1.1123,139984.0
2016-07-01,1.1135,1.1168,1.1069,1.1103,127354.0
2016-07-04,1.1154,1.1164,1.1095,1.114,50330.0
2016-07-05,1.1075,1.1183,1.1058,1.1153,71885.0
2016-07-06,1.1099,1.1111,1.1029,1.1074,80011.0
2016-07-07,1.1059,1.1109,1.1049,1.1097,78551.0
2016-07-08,1.1052,1.1112,1.0999,1.106,73953.0
2016-07-11,1.1056,1.1074,1.1014,1.105,65780.0
2016-07-12,1.1057,1.1125,1.1048,1.1056,71314.0
2016-07-13,1.1088,1.1119,1.1041,1.1059,76635.0
2016-07-14,1.1118,1.1164,1.1083,1.1087,88235.0
2016-07-15,1.1034,1.1148,1.1021,1.1116,74862.0
2016-07-18,1.1071,1.1083,1.1035,1.104,61474.0
2016-07-19,1.1021,1.1085,1.0998,1.1072,69726.0
2016-07-20,1.1013,1.103,1.0979,1.1018,75603.0
2016-07-21,1.1023,1.1058,1.0979,1.1011,74416.0
2016-07-22,1.0973,1.104,1.0951,1.1027,75216.0
2016-07-25,1.099,1.0998,1.095,1.0968,64234.0
2016-07-26,1.0986,1.1029,1.0976,1.0995,77191.0
2016-07-27,1.1055,1.1064,1.0959,1.0982,75483.0
2016-07-28,1.1074,1.1118,1.1047,1.1056,75067.0
2016-07-29,1.117,1.1197,1.1067,1.1075,77855.0
2016-08-01,1.1159,1.1183,1.1153,1.1173,61188.0
2016-08-02,1.1225,1.1233,1.1153,1.116,68933.0
2016-08-03,1.1147,1.1231,1.1137,1.1222,69467.0
2016-08-04,1.1128,1.1156,1.1112,1.1147,73019.0
2016-08-05,1.1085,1.1162,1.1043,1.1127,65388.0
2016-08-08,1.109,1.1105,1.107,1.1085,57532.0
2016-08-09,1.1117,1.1122,1.1067,1.1087,66320.0
2016-08-10,1.1174,1.119,1.11,1.1115,69092.0
2016-08-11,1.1135,1.1192,1.1131,1.1173,66607.0
2016-08-12,1.1158,1.1221,1.1127,1.1136,61794.0
2016-08-15,1.1183,1.1202,1.1152,1.1161,52951.0
2016-08-16,1.1276,1.1322,1.1173,1.118,73626.0
2016-08-17,1.1286,1.1315,1.1239,1.1276,77624.0
2016-08-18,1.1352,1.1365,1.1281,1.1291,79248.0
2016-08-19,1.1325,1.1362,1.1302,1.135,69549.0
2016-08-22,1.1315,1.133,1.1269,1.1302,66511.0
2016-08-23,1.1303,1.1354,1.1299,1.1318,67773.0
2016-08-24,1.1261,1.1313,1.1242,1.1303,73765.0
2016-08-25,1.1279,1.1297,1.1254,1.1262,66512.0
2016-08-26,1.1195,1.134,1.1177,1.1281,71731.0
2016-08-29,1.1188,1.1207,1.1156,1.1191,63504.0
2016-08-30,1.1141,1.1196,1.1128,1.1187,72551.0
2016-08-31,1.1156,1.1165,1.1121,1.1141,73801.0
2016-09-01,1.1196,1.1205,1.1126,1.1155,74702.0
2016-09-02,1.1153,1.1251,1.1148,1.1194,70232.0
2016-09-05,1.1144,1.1182,1.1137,1.1149,51609.0
2016-09-06,1.1252,1.1263,1.1137,1.1144,71716.0
2016-09-07,1.1237,1.1269,1.1226,1.1253,81556.0
2016-09-08,1.1258,1.1326,1.1231,1.1237,87792.0
2016-09-09,1.1229,1.1285,1.1197,1.1259,87314.0
2016-09-12,1.1232,1.1267,1.1209,1.123,80951.0
2016-09-13,1.1217,1.1259,1.12,1.1233,99633.0
2016-09-14,1.1249,1.1273,1.1207,1.1215,99766.0
2016-09-15,1.1241,1.1283,1.1217,1.1246,91388.0
2016-09-16,1.1153,1.1254,1.1145,1.1242,86277.0
2016-09-19,1.1173,1.1197,1.1146,1.116,70112.0
2016-09-20,1.1152,1.1213,1.1144,1.1176,86693.0
2016-09-21,1.1185,1.1196,1.1119,1.1148,105339.0
2016-09-22,1.1207,1.1257,1.1181,1.1192,100295.0
2016-09-23,1.1222,1.124,1.1191,1.1205,97147.0
2016-09-26,1.1253,1.1278,1.1219,1.1221,88035.0
2016-09-27,1.1213,1.126,1.1188,1.1251,101550.0
2016-09-28,1.1214,1.1236,1.1179,1.1212,119456.0
2016-09-29,1.1221,1.1249,1.1195,1.1215,121155.0
2016-09-30,1.1238,1.125,1.115,1.1222,120042.0
2016-10-03,1.1209,1.1243,1.1203,1.1233,80180.0
2016-10-04,1.1202,1.1238,1.1135,1.1208,115197.0
2016-10-05,1.1202,1.1234,1.1187,1.1202,110928.0
2016-10-06,1.1149,1.1212,1.1137,1.1203,102136.0
2016-10-07,1.1199,1.1205,1.1101,1.1149,125315.0
2016-10-10,1.1137,1.1201,1.1127,1.1195,89608.0
2016-10-11,1.1053,1.1143,1.1046,1.1135,113765.0
2016-10-12,1.1006,1.107,1.1001,1.1051,124378.0
2016-10-13,1.1056,1.1058,1.0982,1.1004,120469.0
2016-10-14,1.0969,1.106,1.0966,1.1054,113764.0
2016-10-17,1.0997,1.1008,1.0962,1.0972,96812.0
2016-10-18,1.0978,1.1026,1.0967,1.0998,102092.0
2016-10-19,1.0972,1.1004,1.0953,1.0979,105392.0
2016-10-20,1.0928,1.1039,1.0914,1.0972,104939.0
2016-10-21,1.0882,1.0931,1.0857,1.0927,101514.0
2016-10-24,1.088,1.09,1.0858,1.0876,96326.0
2016-10-25,1.0886,1.0904,1.0848,1.088,108814.0
2016-10-26,1.0907,1.0945,1.087,1.0887,106078.0
2016-10-27,1.0894,1.0942,1.0881,1.0906,110453.0
2016-10-28,1.0983,1.0991,1.0889,1.0895,105073.0
2016-10-31,1.0979,1.0992,1.0934,1.0984,96967.0
2016-11-01,1.1053,1.1069,1.0956,1.0979,104603.0
2016-11-02,1.1094,1.1123,1.1048,1.1053,120362.0
2016-11-03,1.1103,1.1126,1.1057,1.1096,120414.0
2016-11-04,1.1135,1.1143,1.1077,1.1102,98187.0
2016-11-07,1.1038,1.1136,1.1026,1.1134,110650.0
2016-11-08,1.1023,1.1067,1.1005,1.1039,110725.0
2016-11-09,1.0909,1.1299,1.0902,1.1023,181047.0
2016-11-10,1.0889,1.0954,1.0862,1.0907,164222.0
2016-11-11,1.085,1.0923,1.0827,1.0891,156764.0
2016-11-14,1.0734,1.0849,1.0706,1.0847,159287.0
2016-11-15,1.072,1.0816,1.071,1.0734,156909.0
2016-11-16,1.0685,1.0759,1.0663,1.072,159407.0
2016-11-17,1.0625,1.0745,1.0616,1.0689,152308.0
2016-11-18,1.0585,1.0642,1.0567,1.0622,150293.0
2016-11-21,1.0627,1.0649,1.0576,1.0581,146089.0
2016-11-22,1.0624,1.0658,1.0581,1.0625,159739.0
2016-11-23,1.0556,1.0643,1.0523,1.0626,146278.0
2016-11-24,1.0552,1.0585,1.0515,1.0552,148196.0
2016-11-25,1.0584,1.0628,1.0535,1.0548,154577.0
2016-11-28,1.0613,1.0684,1.0561,1.0594,141930.0
2016-11-29,1.0647,1.0654,1.0562,1.0612,153850.0
2016-11-30,1.0585,1.0666,1.0551,1.0646,160302.0
2016-12-01,1.066,1.0668,1.0582,1.0588,158634.0
2016-12-02,1.067,1.0689,1.0623,1.066,148018.0
2016-12-05,1.0762,1.0796,1.0503,1.0672,151126.0
2016-12-06,1.0717,1.0785,1.0696,1.0762,140365.0
2016-12-07,1.0751,1.0768,1.0707,1.0719,140634.0
2016-12-08,1.0615,1.0872,1.0595,1.0753,165261.0
2016-12-09,1.0559,1.0629,1.0528,1.0615,141766.0
2016-12-12,1.0634,1.0651,1.0523,1.055,130671.0
2016-12-13,1.0625,1.0666,1.0601,1.0633,139857.0
2016-12-14,1.0535,1.0669,1.0494,1.0625,139026.0
2016-12-15,1.0412,1.0542,1.0364,1.0534,166946.0
2016-12-16,1.0447,1.0473,1.0398,1.0415,134548.0
2016-12-19,1.0402,1.0479,1.039,1.0442,129459.0
2016-12-20,1.0385,1.0417,1.035,1.0403,143151.0
2016-12-21,1.0423,1.0451,1.038,1.0388,136665.0
2016-12-22,1.0435,1.0499,1.0419,1.0421,139967.0
2016-12-23,1.0454,1.0467,1.0424,1.0435,109005.0
2016-12-26,1.0453,1.047,1.0436,1.0451,44608.0
2016-12-27,1.0455,1.0463,1.0429,1.0451,90121.0
2016-12-28,1.0407,1.0479,1.0369,1.0454,117999.0
2016-12-29,1.049,1.0493,1.0404,1.0416,125740.0
2016-12-30,1.0513,1.0651,1.0479,1.0489,110133.0
2017-01-02,1.0457,1.0532,1.0446,1.0529,27895.0
2017-01-03,1.0404,1.049,1.0339,1.0453,74707.0
2017-01-04,1.0486,1.0499,1.0387,1.0403,91660.0
2017-01-05,1.0603,1.0615,1.0478,1.0489,103626.0
2017-01-06,1.053,1.0621,1.052,1.0603,92864.0
2017-01-09,1.0572,1.0582,1.0508,1.0537,108645.0
2017-01-10,1.0553,1.0626,1.0549,1.0571,134155.0
2017-01-11,1.058,1.0622,1.0452,1.0554,139502.0
2017-01-12,1.061,1.0684,1.057,1.058,143924.0
2017-01-13,1.0641,1.0671,1.0595,1.0609,130833.0
2017-01-16,1.06,1.0635,1.0577,1.0615,118279.0
2017-01-17,1.0712,1.0718,1.0593,1.0598,144120.0
2017-01-18,1.063,1.0715,1.0624,1.0712,139615.0
2017-01-19,1.0663,1.0676,1.0587,1.0628,140007.0
2017-01-20,1.0699,1.0709,1.0623,1.0663,133161.0
2017-01-23,1.0761,1.0769,1.0682,1.0683,142680.0
2017-01-24,1.073,1.0774,1.0717,1.0762,138867.0
2017-01-25,1.0744,1.0769,1.0709,1.073,136193.0
2017-01-26,1.068,1.0765,1.0655,1.0744,141171.0
2017-01-27,1.0694,1.0724,1.0656,1.068,128324.0
2017-01-30,1.0692,1.074,1.0617,1.0689,133445.0
2017-01-31,1.0795,1.0811,1.0681,1.0692,148466.0
2017-02-01,1.0767,1.0808,1.0729,1.0796,137186.0
2017-02-02,1.0758,1.0828,1.0752,1.0766,145887.0
2017-02-03,1.0781,1.0797,1.0711,1.0756,148176.0
2017-02-06,1.0749,1.08,1.0702,1.078,142110.0
2017-02-07,1.068,1.075,1.0653,1.0749,147939.0
2017-02-08,1.0697,1.0713,1.0638,1.0681,145218.0
2017-02-09,1.0654,1.0709,1.0648,1.0697,124190.0
2017-02-10,1.0638,1.0667,1.0606,1.0655,120274.0
2017-02-13,1.0597,1.0657,1.059,1.0632,120255.0
2017-02-14,1.0577,1.0633,1.0559,1.0596,124316.0
2017-02-15,1.0598,1.0608,1.052,1.0574,125425.0
2017-02-16,1.0672,1.068,1.0586,1.0598,122762.0
2017-02-17,1.0611,1.0676,1.0602,1.0672,109622.0
2017-02-20,1.0609,1.0633,1.0601,1.0614,100280.0
2017-02-21,1.0535,1.0616,1.0524,1.0609,109905.0
2017-02-22,1.0555,1.0573,1.0492,1.0533,109731.0
2017-02-23,1.0579,1.0595,1.0536,1.0555,78947.0
2017-02-24,1.056,1.0617,1.0554,1.058,73114.0
2017-02-27,1.0585,1.063,1.0549,1.056,104058.0
2017-02-28,1.0575,1.063,1.0568,1.0585,118313.0
2017-03-01,1.0546,1.0588,1.0513,1.0573,124124.0
2017-03-02,1.0506,1.0551,1.0492,1.0546,107248.0
2017-03-03,1.062,1.0623,1.0499,1.0505,107608.0
2017-03-06,1.0578,1.064,1.0572,1.0614,108530.0
2017-03-07,1.0565,1.0602,1.0556,1.0582,104448.0
2017-03-08,1.0539,1.0574,1.0533,1.0564,103700.0
2017-03-09,1.0575,1.0615,1.0523,1.0539,124549.0
2017-03-10,1.0669,1.0699,1.0569,1.0574,118638.0
2017-03-13,1.0653,1.0714,1.0649,1.0671,114490.0
2017-03-14,1.0602,1.0662,1.0597,1.0653,115012.0
2017-03-15,1.0732,1.074,1.0601,1.0602,123530.0
2017-03-16,1.0764,1.077,1.0704,1.0732,127916.0
2017-03-17,1.0736,1.0782,1.0726,1.0763,107940.0
2017-03-20,1.0737,1.0777,1.0723,1.0738,97534.0
2017-03-21,1.0808,1.0819,1.0717,1.0737,115688.0
2017-03-22,1.0795,1.0825,1.0774,1.0808,118062.0
2017-03-23,1.078,1.0804,1.0766,1.0794,115916.0
2017-03-24,1.0797,1.0818,1.0759,1.0782,108914.0
2017-03-27,1.0864,1.0904,1.0794,1.0796,119060.0
2017-03-28,1.0812,1.0872,1.0796,1.0863,115951.0
2017-03-29,1.0766,1.0826,1.0738,1.081,117757.0
2017-03-30,1.0674,1.077,1.0669,1.0764,111248.0
2017-03-31,1.0649,1.0702,1.0649,1.0672,112519.0
2017-04-03,1.0668,1.0681,1.0641,1.0658,111211.0
2017-04-04,1.0672,1.0677,1.0634,1.0667,109858.0
2017-04-05,1.0662,1.0689,1.0632,1.0671,109943.0
2017-04-06,1.0642,1.0684,1.0627,1.0661,106534.0
2017-04-07,1.0588,1.0666,1.0578,1.0642,117517.0
2017-04-10,1.0593,1.0606,1.0568,1.059,87309.0
2017-04-11,1.0602,1.063,1.0577,1.0594,93830.0
2017-04-12,1.0664,1.0675,1.0587,1.0604,106090.0
2017-04-13,1.0612,1.0677,1.0607,1.0662,104236.0
2017-04-14,1.0609,1.063,1.0604,1.0613,53296.0
2017-04-17,1.064,1.067,1.06,1.0612,70500.0
2017-04-18,1.0732,1.0736,1.0635,1.0642,106291.0
2017-04-19,1.0709,1.0736,1.0698,1.0728,105723.0
2017-04-20,1.0714,1.0777,1.0706,1.0708,97901.0
2017-04-21,1.0726,1.0737,1.068,1.0717,93809.0
2017-04-24,1.0867,1.0935,1.0819,1.0889,136218.0
2017-04-25,1.0925,1.095,1.085,1.0867,112361.0
2017-04-26,1.0903,1.095,1.0855,1.0924,120478.0
2017-04-27,1.0872,1.0932,1.085,1.0902,105137.0
2017-04-28,1.0895,1.0947,1.0855,1.0875,100413.0
2017-05-01,1.0898,1.0923,1.0882,1.0905,55900.0
2017-05-02,1.0927,1.0933,1.0886,1.0898,103010.0
2017-05-03,1.0882,1.0936,1.088,1.0927,103647.0
2017-05-04,1.0984,1.0987,1.0873,1.0884,113033.0
2017-05-05,1.0995,1.1,1.0948,1.0988,95532.0
2017-05-08,1.0922,1.1022,1.0915,1.0996,75778.0
2017-05-09,1.0872,1.0933,1.0861,1.0922,80725.0
2017-05-10,1.0866,1.0898,1.0851,1.0872,119326.0
2017-05-11,1.0861,1.0893,1.0838,1.0868,105619.0
2017-05-12,1.0928,1.0934,1.0854,1.086,94032.0
2017-05-15,1.0973,1.0989,1.092,1.0924,92187.0
2017-05-16,1.1082,1.1097,1.0971,1.0975,106618.0
2017-05-17,1.1158,1.1162,1.1078,1.1082,124401.0
2017-05-18,1.1101,1.1171,1.1073,1.1158,130532.0
2017-05-19,1.1204,1.1211,1.1094,1.11,106571.0
2017-05-22,1.1236,1.1263,1.116,1.12,115275.0
2017-05-23,1.1182,1.1267,1.1172,1.1235,137489.0
2017-05-24,1.1217,1.122,1.1167,1.1182,133240.0
2017-05-25,1.1209,1.125,1.1192,1.1217,117575.0
2017-05-26,1.1182,1.1234,1.1158,1.121,110626.0
2017-05-29,1.1164,1.119,1.1159,1.1177,84345.0
2017-05-30,1.1183,1.1205,1.1108,1.1163,125809.0
2017-05-31,1.1241,1.1252,1.1163,1.1184,141218.0
2017-06-01,1.1211,1.1256,1.1201,1.124,127411.0
2017-06-02,1.128,1.1285,1.1203,1.1211,95810.0
2017-06-05,1.1252,1.1283,1.1233,1.1277,103092.0
2017-06-06,1.1275,1.1283,1.1238,1.1251,119451.0
2017-06-07,1.1255,1.1282,1.1203,1.1275,127125.0
2017-06-08,1.1212,1.1268,1.1193,1.1255,130426.0
2017-06-09,1.1192,1.1237,1.1165,1.1213,125274.0
2017-06-12,1.12,1.1232,1.119,1.1193,98831.0
2017-06-13,1.1214,1.1224,1.1183,1.1202,114451.0
2017-06-14,1.1217,1.1295,1.119,1.1209,134505.0
2017-06-15,1.1143,1.1229,1.113,1.1217,130866.0
2017-06-16,1.1197,1.1201,1.1137,1.1142,109248.0
2017-06-19,1.1148,1.1213,1.1141,1.1198,114815.0
2017-06-20,1.1134,1.1165,1.1117,1.1147,128940.0
2017-06-21,1.1166,1.1169,1.1126,1.1131,108328.0
2017-06-22,1.115,1.1177,1.1138,1.1165,103511.0
2017-06-23,1.1192,1.1209,1.1143,1.115,96440.0
2017-06-26,1.1179,1.1219,1.117,1.1199,91394.0
2017-06-27,1.1337,1.1349,1.1176,1.1181,117676.0
2017-06-28,1.1376,1.139,1.129,1.1337,138353.0
2017-06-29,1.144,1.1445,1.1372,1.1375,130789.0
2017-06-30,1.1423,1.1445,1.139,1.1439,118836.0
2017-07-03,1.136,1.1427,1.1353,1.1418,102182.0
2017-07-04,1.1342,1.1376,1.1335,1.1363,96698.0
2017-07-05,1.1352,1.1368,1.1311,1.1344,115169.0
2017-07-06,1.1422,1.1424,1.1328,1.135,113871.0
2017-07-07,1.14,1.1439,1.1378,1.1422,113474.0
2017-07-10,1.1399,1.1417,1.138,1.139,95389.0
2017-07-11,1.1465,1.1479,1.1381,1.1397,113744.0
2017-07-12,1.141,1.1489,1.139,1.1465,132140.0
2017-07-13,1.1395,1.1455,1.1369,1.1409,123263.0
2017-07-14,1.1467,1.1471,1.139,1.1398,108876.0
2017-07-17,1.1478,1.1487,1.1433,1.1462,97549.0
2017-07-18,1.1552,1.1583,1.147,1.1477,128005.0
2017-07-19,1.1514,1.1557,1.1508,1.1552,107935.0
2017-07-20,1.1629,1.1655,1.1477,1.1511,125944.0
2017-07-21,1.1661,1.1682,1.1618,1.1632,110333.0
2017-07-24,1.1638,1.1684,1.1624,1.1658,99782.0
2017-07-25,1.1651,1.1711,1.1629,1.1638,104225.0
2017-07-26,1.1732,1.1739,1.1611,1.1646,109638.0
2017-07-27,1.1676,1.1776,1.1648,1.1733,106475.0
2017-07-28,1.175,1.1763,1.1669,1.1675,108836.0
2017-07-31,1.184,1.1845,1.1721,1.1735,115295.0
2017-08-01,1.1801,1.1845,1.1784,1.184,128041.0
2017-08-02,1.1854,1.1909,1.1792,1.18,124756.0
2017-08-03,1.1868,1.1892,1.1829,1.1854,112942.0
2017-08-04,1.1768,1.1889,1.1727,1.1867,111311.0
2017-08-07,1.1793,1.1813,1.1765,1.1766,105583.0
2017-08-08,1.1749,1.1824,1.1713,1.1793,117769.0
2017-08-09,1.1757,1.1763,1.1687,1.175,132499.0
2017-08-10,1.177,1.1784,1.1702,1.1757,127931.0
2017-08-11,1.182,1.1846,1.1747,1.1771,128914.0
2017-08-14,1.1778,1.1838,1.1768,1.1804,114561.0
2017-08-15,1.1733,1.1792,1.1686,1.1778,124773.0
2017-08-16,1.1768,1.1778,1.168,1.1732,141424.0
2017-08-17,1.1723,1.1789,1.1661,1.1766,145315.0
2017-08-18,1.176,1.1773,1.1705,1.1721,145046.0
2017-08-21,1.1814,1.1828,1.1729,1.1748,118561.0
2017-08-22,1.176,1.1824,1.1743,1.1813,129622.0
2017-08-23,1.1805,1.1823,1.1738,1.176,126834.0
2017-08-24,1.1797,1.1819,1.1782,1.1805,118898.0
2017-08-25,1.1924,1.194,1.1771,1.1797,118923.0
2017-08-28,1.1977,1.1983,1.1915,1.1924,103082.0
2017-08-29,1.1972,1.2069,1.1944,1.1977,141654.0
2017-08-30,1.1881,1.1984,1.1879,1.1972,134263.0
2017-08-31,1.1908,1.1912,1.1821,1.1882,124848.0
2017-09-01,1.1857,1.1979,1.1848,1.1909,111963.0
2017-09-04,1.1895,1.1922,1.1852,1.1857,87581.0
2017-09-05,1.1912,1.1939,1.1866,1.1894,108422.0
2017-09-06,1.1915,1.1949,1.1901,1.1912,106485.0
2017-09-07,1.2021,1.2059,1.1912,1.1915,116271.0
2017-09-08,1.2033,1.2092,1.2014,1.2022,133779.0
2017-09-11,1.1951,1.2039,1.1946,1.2039,116188.0
2017-09-12,1.1965,1.1978,1.1924,1.1951,116979.0
2017-09-13,1.1885,1.1994,1.1871,1.1966,111269.0
2017-09-14,1.1918,1.1921,1.1836,1.1883,114775.0
2017-09-15,1.1941,1.1986,1.1899,1.1917,123903.0
2017-09-18,1.1952,1.1969,1.1913,1.1947,104713.0
2017-09-19,1.1992,1.2006,1.1948,1.1953,126493.0
2017-09-20,1.1891,1.2031,1.186,1.1992,122192.0
2017-09-21,1.1939,1.1953,1.1864,1.1892,118966.0
2017-09-22,1.1952,1.2004,1.1935,1.194,108528.0
2017-09-25,1.1846,1.196,1.1831,1.1951,101705.0
2017-09-26,1.1791,1.1861,1.1756,1.1846,114646.0
2017-09-27,1.1743,1.1795,1.1715,1.1791,112571.0
2017-09-28,1.1784,1.1803,1.1719,1.1744,103407.0
2017-09-29,1.1812,1.1832,1.1771,1.1785,95593.0
2017-10-02,1.173,1.1816,1.1728,1.1816,96427.0
2017-10-03,1.1742,1.1773,1.1694,1.1731,103417.0
2017-10-04,1.1759,1.1788,1.1733,1.1742,105475.0
2017-10-05,1.171,1.1779,1.1697,1.1757,99160.0
2017-10-06,1.1733,1.1738,1.1667,1.1709,110973.0
2017-10-09,1.1739,1.1756,1.1716,1.1727,77635.0
2017-10-10,1.1806,1.1825,1.1737,1.1738,115006.0
2017-10-11,1.1857,1.1869,1.1793,1.1806,118373.0
2017-10-12,1.1829,1.188,1.1825,1.186,111161.0
2017-10-13,1.1822,1.1874,1.1803,1.1828,119801.0
2017-10-16,1.1795,1.1825,1.1779,1.1824,104582.0
2017-10-17,1.1766,1.18,1.1734,1.1796,115612.0
2017-10-18,1.1787,1.1805,1.1729,1.1764,112692.0
2017-10-19,1.185,1.1858,1.1766,1.1786,127320.0
2017-10-20,1.1783,1.1857,1.1761,1.1851,121570.0
2017-10-23,1.1747,1.1777,1.1723,1.1771,105997.0
2017-10-24,1.1759,1.1792,1.1741,1.1747,110914.0
2017-10-25,1.1812,1.1818,1.1751,1.1759,120841.0
2017-10-26,1.165,1.1836,1.1639,1.1811,118639.0
2017-10-27,1.1608,1.1657,1.1573,1.1648,120889.0
2017-10-30,1.1649,1.1658,1.1592,1.1601,103823.0
2017-10-31,1.1644,1.1661,1.1623,1.1649,110852.0
2017-11-01,1.1617,1.1657,1.1605,1.1644,117085.0
2017-11-02,1.1656,1.1687,1.1611,1.1617,126371.0
2017-11-03,1.1607,1.169,1.1597,1.1658,103733.0
2017-11-06,1.1609,1.1624,1.1578,1.1608,81695.0
2017-11-07,1.1585,1.1616,1.1552,1.1608,112504.0
2017-11-08,1.1593,1.1611,1.1577,1.1585,113640.0
2017-11-09,1.164,1.1655,1.1584,1.1594,128328.0
2017-11-10,1.1663,1.1678,1.1621,1.164,105990.0
2017-11-13,1.1665,1.1675,1.1636,1.1664,101098.0
2017-11-14,1.1796,1.1805,1.1658,1.1665,110199.0
2017-11-15,1.1791,1.186,1.1783,1.1796,118940.0
2017-11-16,1.1769,1.1801,1.1755,1.1791,108357.0
2017-11-17,1.1793,1.1821,1.1764,1.1769,102196.0
2017-11-20,1.1732,1.1808,1.172,1.1789,123995.0
2017-11-21,1.1737,1.1758,1.1712,1.1731,124729.0
2017-11-22,1.182,1.1827,1.1731,1.1736,123489.0
2017-11-23,1.185,1.1855,1.1811,1.182,97885.0
2017-11-24,1.193,1.1944,1.1835,1.185,106184.0
2017-11-27,1.1896,1.196,1.1894,1.1931,115416.0
2017-11-28,1.1839,1.1919,1.1825,1.1896,133409.0
2017-11-29,1.1847,1.1883,1.1816,1.184,124875.0
2017-11-30,1.1902,1.1931,1.1807,1.1845,128493.0
2017-12-01,1.1889,1.194,1.1849,1.1902,144908.0
2017-12-04,1.1864,1.1888,1.1828,1.188,107202.0
2017-12-05,1.1824,1.1877,1.1799,1.1864,119763.0
2017-12-06,1.1795,1.1848,1.1779,1.1824,119750.0
2017-12-07,1.1771,1.1814,1.177,1.1794,112286.0
2017-12-08,1.1764,1.1777,1.1728,1.1771,112778.0
2017-12-11,1.1768,1.1812,1.1761,1.1767,96285.0
2017-12-12,1.174,1.1792,1.1716,1.1768,104498.0
2017-12-13,1.1825,1.1831,1.1728,1.1741,105590.0
2017-12-14,1.1777,1.1862,1.1769,1.1825,121723.0
2017-12-15,1.1752,1.1812,1.1749,1.1776,109243.0
2017-12-18,1.1781,1.1834,1.1736,1.1753,103322.0
2017-12-19,1.1838,1.1849,1.1775,1.178,119296.0
2017-12-20,1.1869,1.1901,1.1827,1.1838,116559.0
2017-12-21,1.1873,1.1889,1.1848,1.1871,115168.0
2017-12-22,1.1857,1.1876,1.1815,1.1873,112876.0
2017-12-25,1.1868,1.1881,1.1841,1.1849,4856.0
2017-12-26,1.1858,1.1878,1.1845,1.1867,52262.0
2017-12-27,1.1886,1.191,1.1853,1.1857,87898.0
2017-12-28,1.1941,1.1959,1.1886,1.1886,88631.0
2017-12-29,1.1996,1.2028,1.1935,1.1941,85642.0
2018-01-01,1.2008,1.2012,1.1993,1.2001,292.0
2018-01-02,1.2057,1.2082,1.2001,1.2011,73816.0
2018-01-03,1.2012,1.2068,1.1999,1.2056,81951.0
2018-01-04,1.2067,1.2089,1.2003,1.2014,84475.0
2018-01-05,1.2028,1.2083,1.2019,1.2066,79197.0
2018-01-08,1.1965,1.2052,1.1954,1.2027,67207.0
2018-01-09,1.1935,1.1975,1.1914,1.1965,103820.0
2018-01-10,1.1945,1.2017,1.1921,1.1936,127568.0
2018-01-11,1.2031,1.2059,1.1927,1.1945,122923.0
2018-01-12,1.2185,1.2188,1.2029,1.2031,121420.0
2018-01-15,1.2261,1.2296,1.2186,1.2196,120303.0
2018-01-16,1.2259,1.2282,1.2193,1.2263,135161.0
2018-01-17,1.2184,1.2322,1.2175,1.2258,150167.0
2018-01-18,1.2237,1.2265,1.2163,1.2184,139827.0
2018-01-19,1.222,1.2295,1.2217,1.2235,135755.0
2018-01-22,1.226,1.2274,1.2212,1.2266,112693.0
2018-01-23,1.2297,1.2306,1.2221,1.2261,132523.0
2018-01-24,1.2406,1.2415,1.2291,1.2297,150195.0
2018-01-25,1.2395,1.2536,1.2362,1.2406,175078.0
2018-01-26,1.2419,1.2493,1.2369,1.2393,150629.0
2018-01-29,1.2381,1.2435,1.2335,1.2425,136426.0
2018-01-30,1.24,1.2453,1.2333,1.2381,145663.0
2018-01-31,1.242,1.2475,1.2385,1.24,162618.0
2018-02-01,1.2508,1.2522,1.2384,1.2412,172555.0
2018-02-02,1.246,1.2518,1.2407,1.2506,164842.0
2018-02-05,1.2367,1.2475,1.2361,1.2455,128023.0
2018-02-06,1.2376,1.2433,1.2313,1.2366,179129.0
2018-02-07,1.2262,1.2405,1.2245,1.2376,146016.0
2018-02-08,1.2245,1.2295,1.221,1.2262,157478.0
2018-02-09,1.2233,1.2287,1.2204,1.2243,140967.0
2018-02-12,1.2291,1.2297,1.2233,1.2252,115697.0
2018-02-13,1.235,1.2371,1.2283,1.2291,131214.0
2018-02-14,1.2448,1.2465,1.2274,1.235,153513.0
2018-02-15,1.2505,1.251,1.2446,1.2448,147974.0
2018-02-16,1.2404,1.2555,1.2392,1.2504,145110.0
2018-02-19,1.2407,1.2435,1.2367,1.2409,109423.0
2018-02-20,1.2336,1.2412,1.2318,1.2407,137835.0
2018-02-21,1.2282,1.2359,1.2279,1.2336,166604.0
2018-02-22,1.2329,1.2352,1.2258,1.2281,151163.0
2018-02-23,1.2293,1.2337,1.2278,1.2329,108095.0
2018-02-26,1.2316,1.2354,1.2276,1.2297,118358.0
2018-02-27,1.2231,1.2346,1.2219,1.2316,156082.0
2018-02-28,1.2193,1.2241,1.2186,1.2231,143633.0
2018-03-01,1.2267,1.2272,1.2153,1.2193,150565.0
2018-03-02,1.2317,1.2336,1.225,1.2265,143253.0
2018-03-05,1.2335,1.2365,1.2267,1.2322,137637.0
2018-03-06,1.2402,1.242,1.2326,1.2334,146594.0
2018-03-07,1.2412,1.2443,1.2383,1.2402,152745.0
2018-03-08,1.231,1.2446,1.2296,1.2409,125507.0
2018-03-09,1.2305,1.2334,1.2271,1.231,108490.0
2018-03-12,1.2332,1.2345,1.2289,1.2309,104884.0
2018-03-13,1.2389,1.2407,1.2313,1.2333,130594.0
2018-03-14,1.2365,1.2412,1.2345,1.2388,132444.0
2018-03-15,1.2304,1.2384,1.2298,1.2365,129118.0
2018-03-16,1.2287,1.2336,1.2259,1.2303,100515.0
2018-03-19,1.2333,1.2359,1.2256,1.2282,118632.0
2018-03-20,1.224,1.2354,1.2237,1.2333,140639.0
2018-03-21,1.2336,1.2349,1.2239,1.224,133226.0
2018-03-22,1.23,1.2388,1.2283,1.2336,162408.0
2018-03-23,1.2351,1.2373,1.2299,1.23,144246.0
2018-03-26,1.2442,1.2462,1.234,1.2347,119102.0
2018-03-27,1.2401,1.2476,1.2371,1.2442,143313.0
2018-03-28,1.2307,1.2422,1.2298,1.2401,141081.0
2018-03-29,1.2301,1.2335,1.2281,1.2307,147858.0
2018-03-30,1.2321,1.233,1.2292,1.2299,90473.0
2018-04-02,1.23,1.2344,1.228,1.2321,60072.0
2018-04-03,1.2269,1.2335,1.2252,1.2302,107171.0
2018-04-04,1.2277,1.2314,1.2255,1.2268,137519.0
2018-04-05,1.2238,1.229,1.2216,1.2276,151317.0
2018-04-06,1.2281,1.229,1.2212,1.2238,154860.0
2018-04-09,1.2319,1.233,1.2259,1.2277,128955.0
2018-04-10,1.2354,1.2377,1.2301,1.2318,139616.0
2018-04-11,1.2365,1.2395,1.2345,1.2355,136110.0
2018-04-12,1.2325,1.238,1.2298,1.2366,130520.0
2018-04-13,1.2329,1.2346,1.2305,1.2325,120825.0
2018-04-16,1.2378,1.2394,1.2323,1.2329,114832.0
2018-04-17,1.237,1.2413,1.2335,1.2378,124020.0
2018-04-18,1.2372,1.2397,1.2341,1.2368,129146.0
2018-04-19,1.2344,1.24,1.2327,1.2371,131243.0
2018-04-20,1.2286,1.2352,1.2248,1.2344,123084.0
2018-04-23,1.2207,1.229,1.2196,1.2287,121636.0
2018-04-24,1.223,1.2245,1.218,1.2207,136643.0
2018-04-25,1.2159,1.2238,1.2158,1.223,123963.0
2018-04-26,1.2101,1.2209,1.2094,1.2159,146433.0
2018-04-27,1.2128,1.2133,1.2053,1.2103,134519.0
2018-04-30,1.2077,1.2139,1.2062,1.2123,104347.0
2018-05-01,1.1993,1.2085,1.198,1.2076,83858.0
2018-05-02,1.195,1.2032,1.1936,1.1991,108078.0
2018-05-03,1.1987,1.2008,1.1944,1.195,115992.0
2018-05-04,1.1958,1.1995,1.1909,1.1987,103110.0
2018-05-07,1.192,1.1978,1.1896,1.1951,84278.0
2018-05-08,1.1862,1.1939,1.1836,1.1922,115642.0
2018-05-09,1.185,1.1897,1.1821,1.1862,96978.0
2018-05-10,1.1913,1.1946,1.1841,1.185,146892.0
2018-05-11,1.1942,1.1968,1.1889,1.1915,131652.0
2018-05-14,1.1925,1.1996,1.1924,1.1945,98699.0
2018-05-15,1.1837,1.1938,1.1816,1.1925,141000.0
2018-05-16,1.1807,1.1854,1.1761,1.1836,166549.0
2018-05-17,1.1793,1.1837,1.1773,1.1806,159115.0
2018-05-18,1.1775,1.1822,1.1747,1.1793,139367.0
2018-05-21,1.179,1.1795,1.1715,1.1762,115016.0
2018-05-22,1.1778,1.1829,1.1753,1.1791,153125.0
2018-05-23,1.1696,1.1789,1.1674,1.1777,163761.0
2018-05-24,1.1719,1.175,1.1688,1.1694,177897.0
2018-05-25,1.165,1.1733,1.1643,1.1718,186284.0
2018-05-28,1.1622,1.1728,1.1604,1.165,131689.0
2018-05-29,1.1538,1.1639,1.1506,1.1623,181879.0
2018-05-30,1.1661,1.1676,1.1516,1.1538,183022.0
2018-05-31,1.169,1.1724,1.1639,1.1663,163012.0
2018-06-01,1.166,1.1717,1.1616,1.1691,172025.0
2018-06-04,1.1698,1.1744,1.1652,1.1655,129906.0
2018-06-05,1.1717,1.1732,1.1651,1.1697,160909.0
2018-06-06,1.1773,1.1796,1.1708,1.1716,160681.0
2018-06-07,1.1797,1.184,1.177,1.1772,167490.0
2018-06-08,1.1766,1.181,1.1724,1.1798,172374.0
2018-06-11,1.1782,1.182,1.1752,1.1764,132273.0
2018-06-12,1.1743,1.1809,1.1731,1.1782,153981.0
2018-06-13,1.1789,1.1801,1.1723,1.1743,159709.0
2018-06-14,1.1567,1.1851,1.156,1.1789,175937.0
2018-06-15,1.1607,1.1627,1.1541,1.1566,155734.0
2018-06-18,1.1622,1.1624,1.1562,1.1608,130567.0
2018-06-19,1.1588,1.1644,1.1528,1.1622,182445.0
2018-06-20,1.157,1.16,1.1535,1.1588,166318.0
2018-06-21,1.1601,1.1633,1.1507,1.157,184004.0
2018-06-22,1.1655,1.1675,1.1598,1.1602,163262.0
2018-06-25,1.1702,1.1713,1.1625,1.1657,154176.0
2018-06-26,1.1645,1.172,1.1633,1.1702,152389.0
2018-06-27,1.1552,1.1672,1.1539,1.1646,133661.0
2018-06-28,1.1567,1.16,1.1525,1.1553,143363.0
2018-06-29,1.1683,1.169,1.1556,1.1567,156962.0
2018-07-02,1.1639,1.1697,1.1589,1.165,139275.0
2018-07-03,1.1655,1.1673,1.1619,1.1639,158683.0
2018-07-04,1.1654,1.1682,1.1627,1.1656,153584.0
2018-07-05,1.1689,1.172,1.1647,1.1653,170673.0
2018-07-06,1.1745,1.1767,1.1677,1.1688,166970.0
2018-07-09,1.1749,1.179,1.1729,1.1746,141271.0
2018-07-10,1.1742,1.1762,1.1688,1.1749,161718.0
2018-07-11,1.1672,1.1758,1.1663,1.1743,169829.0
2018-07-12,1.1671,1.1695,1.1647,1.1672,152708.0
2018-07-13,1.1685,1.1688,1.161,1.1669,150179.0
2018-07-16,1.1709,1.1725,1.1673,1.1675,119245.0
2018-07-17,1.1659,1.1744,1.1648,1.1709,143374.0
2018-07-18,1.1638,1.1665,1.16,1.1659,134526.0
2018-07-19,1.1641,1.1678,1.1572,1.1637,159366.0
2018-07-20,1.1718,1.1738,1.1624,1.1642,161708.0
2018-07-23,1.169,1.175,1.168,1.1728,133168.0
2018-07-24,1.1684,1.1717,1.1652,1.169,145727.0
2018-07-25,1.1728,1.1738,1.1662,1.1684,149023.0
2018-07-26,1.1641,1.1743,1.1637,1.1727,151460.0
2018-07-27,1.1656,1.1664,1.1619,1.1641,133634.0
2018-07-30,1.1704,1.1719,1.1646,1.1658,113616.0
2018-07-31,1.1691,1.1745,1.1681,1.1706,154436.0
2018-08-01,1.1658,1.1699,1.1654,1.1689,147379.0
2018-08-02,1.1582,1.1667,1.158,1.1658,146529.0
2018-08-03,1.1567,1.1611,1.1558,1.1583,136165.0
2018-08-06,1.1553,1.1573,1.1527,1.1571,111853.0
2018-08-07,1.1597,1.1608,1.1545,1.1553,125358.0
2018-08-08,1.161,1.1628,1.157,1.1597,121748.0
2018-08-09,1.1526,1.1619,1.1524,1.1608,133125.0
2018-08-10,1.141,1.1536,1.1383,1.1525,173865.0
2018-08-13,1.1408,1.1433,1.1363,1.1388,141704.0
2018-08-14,1.1342,1.1429,1.1328,1.1408,156658.0
2018-08-15,1.1343,1.1355,1.1297,1.1342,154654.0
2018-08-16,1.1375,1.1409,1.1333,1.1343,166637.0
2018-08-17,1.1437,1.1445,1.1363,1.1375,153106.0
2018-08-20,1.1479,1.1485,1.1392,1.144,114609.0
2018-08-21,1.1569,1.16,1.1477,1.148,138211.0
2018-08-22,1.1596,1.1623,1.155,1.1569,132666.0
2018-08-23,1.1537,1.1599,1.1528,1.1594,148086.0
2018-08-24,1.1621,1.1639,1.1531,1.1538,136141.0
2018-08-27,1.1677,1.1693,1.1591,1.163,128550.0
2018-08-28,1.1693,1.1733,1.166,1.1676,148118.0
2018-08-29,1.1706,1.171,1.165,1.1693,138445.0
2018-08-30,1.167,1.1718,1.1639,1.1706,163087.0
2018-08-31,1.1599,1.169,1.1583,1.1669,150501.0
2018-09-03,1.1623,1.1628,1.1582,1.1595,96394.0
2018-09-04,1.1581,1.1628,1.1527,1.1622,125129.0
2018-09-05,1.1629,1.1639,1.1541,1.158,121367.0
2018-09-06,1.1621,1.1659,1.1602,1.1628,135860.0
2018-09-07,1.1551,1.1649,1.1548,1.1622,150755.0
2018-09-10,1.1592,1.1615,1.1524,1.1558,113467.0
2018-09-11,1.1605,1.1643,1.1563,1.1592,129685.0
2018-09-12,1.1624,1.1649,1.1568,1.1602,135718.0
2018-09-13,1.1688,1.1701,1.1606,1.1625,134231.0
2018-09-14,1.1628,1.1721,1.1616,1.1688,130568.0
2018-09-17,1.1683,1.1698,1.1616,1.1623,112066.0
2018-09-18,1.1665,1.1724,1.1649,1.1682,152235.0
2018-09-19,1.1672,1.1715,1.1647,1.1666,153592.0
2018-09-20,1.1775,1.1785,1.1664,1.167,153168.0
2018-09-21,1.1749,1.1803,1.173,1.1775,142036.0
2018-09-24,1.1746,1.1815,1.1721,1.1749,110624.0
2018-09-25,1.1771,1.1792,1.1729,1.1747,138259.0
2018-09-26,1.1738,1.1797,1.1724,1.1765,153205.0
2018-09-27,1.1639,1.1757,1.1635,1.1738,161737.0
2018-09-28,1.1608,1.1651,1.1566,1.164,151352.0
2018-10-01,1.1576,1.1628,1.1561,1.1607,102121.0
2018-10-02,1.1546,1.158,1.1504,1.1576,113259.0
2018-10-03,1.1476,1.1593,1.1463,1.1546,130063.0
2018-10-04,1.1513,1.1541,1.1462,1.1476,122357.0
2018-10-05,1.1523,1.1549,1.1482,1.1512,121188.0
2018-10-08,1.149,1.1534,1.1457,1.1518,90781.0
2018-10-09,1.1489,1.1503,1.1429,1.149,124409.0
2018-10-10,1.1518,1.1545,1.1477,1.1489,127268.0
2018-10-11,1.1593,1.1599,1.1516,1.1518,169383.0
2018-10-12,1.1562,1.161,1.1533,1.1591,146579.0
2018-10-15,1.1577,1.1606,1.1535,1.1557,104906.0
2018-10-16,1.1573,1.1621,1.1563,1.1578,132992.0
2018-10-17,1.1499,1.1583,1.1493,1.1573,138574.0
2018-10-18,1.1452,1.1527,1.1447,1.1499,126169.0
2018-10-19,1.1513,1.1534,1.1431,1.145,123124.0
2018-10-22,1.1463,1.155,1.1453,1.1505,113403.0
2018-10-23,1.1469,1.1493,1.1436,1.1464,120091.0
2018-10-24,1.1391,1.1476,1.1377,1.1469,141519.0
2018-10-25,1.1374,1.1432,1.1353,1.139,160118.0
2018-10-26,1.1401,1.142,1.1332,1.1374,151066.0
2018-10-29,1.1371,1.1416,1.1359,1.1406,123395.0
2018-10-30,1.1344,1.1387,1.1337,1.1371,137880.0
2018-10-31,1.131,1.1361,1.1299,1.1343,142739.0
2018-11-01,1.1407,1.1424,1.1304,1.1309,149159.0
2018-11-02,1.1385,1.1456,1.137,1.1406,151295.0
2018-11-05,1.1406,1.1424,1.1355,1.139,105303.0
2018-11-06,1.1426,1.1438,1.1388,1.1405,148287.0
2018-11-07,1.1424,1.15,1.1393,1.1425,162018.0
2018-11-08,1.1362,1.1447,1.135,1.1424,157071.0
2018-11-09,1.1334,1.1369,1.1313,1.1362,156267.0
2018-11-12,1.1217,1.1332,1.1213,1.133,131189.0
2018-11-13,1.1289,1.1294,1.1214,1.1217,174234.0
2018-11-14,1.1308,1.1347,1.126,1.1288,155774.0
2018-11-15,1.1326,1.1362,1.1269,1.1307,167166.0
2018-11-16,1.1418,1.1421,1.1318,1.1328,157784.0
2018-11-19,1.1451,1.1465,1.1391,1.1401,125883.0
2018-11-20,1.137,1.1472,1.1356,1.1452,139262.0
2018-11-21,1.1383,1.1424,1.1361,1.1369,156515.0
2018-11-22,1.1407,1.1433,1.1377,1.1381,152478.0
2018-11-23,1.134,1.1421,1.1324,1.1402,141721.0
2018-11-26,1.1326,1.1383,1.1321,1.1341,131612.0
2018-11-27,1.1288,1.1344,1.1275,1.1326,159160.0
2018-11-28,1.1366,1.1387,1.1264,1.129,150485.0
2018-11-29,1.1391,1.1401,1.1346,1.1365,158678.0
2018-11-30,1.1315,1.14,1.1302,1.1393,153876.0
2018-12-03,1.1352,1.138,1.1313,1.1313,125757.0
2018-12-04,1.1344,1.142,1.1316,1.1352,161118.0
2018-12-05,1.1344,1.1361,1.1309,1.1342,123914.0
2018-12-06,1.1374,1.1412,1.1319,1.1344,183296.0
2018-12-07,1.1376,1.1423,1.1357,1.1375,164957.0
2018-12-10,1.1355,1.1443,1.1348,1.14,126782.0
2018-12-11,1.1314,1.14,1.1302,1.1359,165653.0
2018-12-12,1.1368,1.1388,1.1311,1.1316,186084.0
2018-12-13,1.1361,1.1393,1.1328,1.1367,193103.0
2018-12-14,1.1307,1.1371,1.1266,1.136,191410.0
2018-12-17,1.1346,1.1358,1.1297,1.1307,121850.0
2018-12-18,1.1361,1.1402,1.1335,1.1346,133635.0
2018-12-19,1.1375,1.144,1.1358,1.1359,176588.0
2018-12-20,1.1444,1.1485,1.1369,1.1375,191120.0
2018-12-21,1.1367,1.1475,1.1351,1.1445,159966.0
2018-12-24,1.1399,1.1438,1.135,1.137,109323.0
2018-12-25,1.1361,1.1428,1.1359,1.1398,37823.0
2018-12-26,1.1351,1.1421,1.134,1.1361,100563.0
2018-12-27,1.1429,1.1455,1.1348,1.1351,163194.0
2018-12-28,1.1436,1.1476,1.1422,1.1427,154840.0
2018-12-31,1.1469,1.1469,1.142,1.1442,76494.0
2019-01-01,1.1462,1.1479,1.1423,1.1464,5233.0
2019-01-02,1.1342,1.1497,1.1324,1.1463,103807.0
2019-01-03,1.1392,1.1411,1.1307,1.1343,140278.0
2019-01-04,1.1393,1.142,1.1343,1.1391,144776.0
2019-01-07,1.1474,1.1484,1.139,1.139,93524.0
2019-01-08,1.144,1.1485,1.142,1.1474,98710.0
2019-01-09,1.1541,1.1554,1.1433,1.1442,149375.0
2019-01-10,1.1498,1.157,1.1483,1.154,161183.0
2019-01-11,1.1467,1.154,1.1455,1.1497,155952.0
2019-01-14,1.1474,1.1483,1.1437,1.1469,119238.0
2019-01-15,1.1414,1.1491,1.1378,1.147,185609.0
2019-01-16,1.1397,1.1427,1.1374,1.1411,177103.0
2019-01-17,1.1395,1.1408,1.1367,1.1393,178909.0
2019-01-18,1.1361,1.1411,1.135,1.1387,157649.0
2019-01-21,1.1364,1.1407,1.1353,1.1369,132278.0
2019-01-22,1.1358,1.1385,1.1333,1.1364,154962.0
2019-01-23,1.138,1.1396,1.1347,1.1357,139455.0
2019-01-24,1.1305,1.1397,1.1286,1.1379,155753.0
2019-01-25,1.1412,1.1419,1.1295,1.1304,169552.0
2019-01-28,1.1433,1.1445,1.1388,1.1404,160922.0
2019-01-29,1.143,1.1451,1.1408,1.1426,178212.0
2019-01-30,1.1477,1.1502,1.1403,1.1431,179848.0
2019-01-31,1.1444,1.1515,1.1432,1.1478,174900.0
2019-02-01,1.1454,1.1488,1.1431,1.1445,167340.0
2019-02-04,1.1435,1.1465,1.1419,1.1454,121199.0
2019-02-05,1.1412,1.1453,1.1397,1.1439,171185.0
2019-02-06,1.136,1.1418,1.1357,1.1404,173903.0
2019-02-07,1.134,1.1374,1.1321,1.1359,158356.0
2019-02-08,1.1328,1.1352,1.1317,1.1344,154670.0
2019-02-11,1.1275,1.133,1.1263,1.1327,118577.0
2019-02-12,1.1324,1.1341,1.1254,1.1278,144060.0
2019-02-13,1.1265,1.1344,1.1257,1.1324,153983.0
2019-02-14,1.1299,1.131,1.1245,1.126,153823.0
2019-02-15,1.1293,1.1311,1.1231,1.1293,152827.0
2019-02-18,1.1308,1.1334,1.1282,1.1286,103753.0
2019-02-19,1.134,1.1357,1.1273,1.1309,135027.0
2019-02-20,1.1335,1.1372,1.1322,1.134,147537.0
2019-02-21,1.1334,1.1366,1.1318,1.1336,162594.0
2019-02-22,1.1341,1.1357,1.1312,1.1334,153250.0
2019-02-25,1.1358,1.1368,1.1322,1.1337,130221.0
2019-02-26,1.1385,1.1402,1.1341,1.1364,142090.0
2019-02-27,1.1369,1.1404,1.1359,1.1395,151865.0
2019-02-28,1.137,1.142,1.1356,1.137,160781.0
2019-03-01,1.1374,1.1408,1.135,1.1369,156734.0
2019-03-04,1.1337,1.1395,1.1307,1.1377,110261.0
2019-03-05,1.1306,1.1351,1.1288,1.1337,140885.0
2019-03-06,1.1305,1.1326,1.1284,1.1311,138904.0
2019-03-07,1.1192,1.1321,1.1174,1.1305,137529.0
2019-03-08,1.1238,1.1246,1.1183,1.1191,136434.0
2019-03-11,1.1247,1.1258,1.122,1.1238,126001.0
2019-03-12,1.1286,1.1307,1.1242,1.1247,165862.0
2019-03-13,1.1325,1.1339,1.1275,1.1286,160625.0
2019-03-14,1.1302,1.1341,1.1292,1.1328,169189.0
2019-03-15,1.1325,1.1345,1.1294,1.1304,145780.0
2019-03-18,1.1336,1.1359,1.1315,1.1322,95073.0
2019-03-19,1.1349,1.1362,1.1331,1.1335,131555.0
2019-03-20,1.1411,1.1448,1.1333,1.1349,140482.0
2019-03-21,1.1373,1.1438,1.134,1.1411,149675.0
2019-03-22,1.1313,1.1392,1.1271,1.1375,161240.0
2019-03-25,1.1311,1.1332,1.1282,1.12922,114781.0
2019-03-26,1.1264,1.1327,1.1261,1.1311,143125.0
2019-03-27,1.1247,1.1286,1.124,1.1266,159405.0
2019-03-28,1.122,1.1262,1.1212,1.1242,151793.0
2019-03-29,1.1217,1.1247,1.1207,1.1219,145754.0
2019-04-01,1.1212,1.1249,1.1201,1.1216,115780.0
2019-04-02,1.1202,1.1218,1.1181,1.1215,144846.0
2019-04-03,1.1234,1.1255,1.1199,1.1204,140494.0
2019-04-04,1.122,1.1248,1.1204,1.1232,135440.0
2019-04-05,1.1214,1.1244,1.1208,1.1221,132172.0
2019-04-08,1.1259,1.1275,1.1211,1.1216,101263.0
2019-04-09,1.1261,1.1285,1.1252,1.1269,132973.0
2019-04-10,1.1273,1.1286,1.1228,1.1261,123968.0
2019-04-11,1.125,1.129,1.1247,1.1271,124365.0
2019-04-12,1.13,1.1325,1.125,1.1252,128287.0
2019-04-15,1.1307,1.1321,1.1293,1.1298,93512.0
2019-04-16,1.128,1.1314,1.1278,1.1303,115861.0
2019-04-17,1.1294,1.1324,1.1277,1.128,128149.0
2019-04-18,1.1229,1.1305,1.1224,1.1295,125605.0
2019-04-19,1.1246,1.1252,1.1227,1.1238,89848.0
2019-04-22,1.1255,1.1263,1.1234,1.1244,72393.0
2019-04-23,1.1225,1.1262,1.119,1.1257,125192.0
2019-04-24,1.1152,1.1231,1.1139,1.1227,141634.0
2019-04-25,1.113,1.1162,1.1116,1.1158,124496.0
2019-04-26,1.1148,1.1174,1.111,1.1129,114904.0
2019-04-29,1.1185,1.119,1.1139,1.1152,82355.0
2019-04-30,1.1215,1.123,1.1174,1.1184,102977.0
2019-05-01,1.1194,1.1265,1.1186,1.1213,79674.0
2019-05-02,1.1176,1.1219,1.1169,1.12,102841.0
2019-05-03,1.12,1.1206,1.1133,1.1176,103469.0
2019-05-06,1.1197,1.1209,1.1158,1.117,105097.0
2019-05-07,1.119,1.1221,1.1164,1.1197,132426.0
2019-05-08,1.1191,1.1214,1.1181,1.1189,127307.0
2019-05-09,1.122,1.1251,1.1171,1.1191,129041.0
2019-05-10,1.1233,1.1253,1.1212,1.1213,125719.0
2019-05-13,1.1223,1.1265,1.122,1.124,92545.0
2019-05-14,1.1203,1.1246,1.1199,1.1223,97891.0
2019-05-15,1.12,1.1224,1.1175,1.1203,108976.0
2019-05-16,1.1172,1.1225,1.1164,1.12,100259.0
2019-05-17,1.1156,1.1184,1.1153,1.1174,99448.0
2019-05-20,1.117,1.1176,1.1148,1.1157,80113.0
2019-05-21,1.1158,1.1187,1.114,1.1168,95774.0
2019-05-22,1.1152,1.118,1.1145,1.1166,90513.0
2019-05-23,1.118,1.1187,1.1106,1.1149,102908.0
2019-05-24,1.1202,1.1212,1.1172,1.1181,90144.0
2019-05-27,1.1196,1.1215,1.1184,1.1194,76740.0
2019-05-28,1.116,1.1202,1.1157,1.1197,104179.0
2019-05-29,1.1129,1.1173,1.1122,1.116,114390.0
2019-05-30,1.113,1.1144,1.1114,1.1129,99875.0
2019-05-31,1.1167,1.1179,1.1123,1.1132,123502.0
2019-06-03,1.124,1.1262,1.1154,1.1167,90575.0
2019-06-04,1.1251,1.1277,1.1225,1.124,90466.0
2019-06-05,1.1219,1.1306,1.1217,1.1249,93138.0
2019-06-06,1.1274,1.1308,1.1212,1.1227,93761.0
2019-06-07,1.1331,1.1347,1.1249,1.1274,75236.0
2019-06-10,1.1312,1.133,1.1288,1.1322,69459.0
2019-06-11,1.1329,1.1337,1.13,1.131,80887.0
2019-06-12,1.1287,1.1343,1.128,1.1324,85749.0
2019-06-13,1.1275,1.1303,1.1266,1.1285,82347.0
2019-06-14,1.1207,1.1289,1.12,1.128,69776.0
2019-06-17,1.1217,1.1246,1.1202,1.1214,55652.0
2019-06-18,1.1191,1.1242,1.1179,1.1217,65198.0
2019-06-19,1.1224,1.1252,1.1185,1.1191,58200.0
2019-06-20,1.1291,1.1317,1.1224,1.1224,75429.0
2019-06-21,1.1366,1.1377,1.1281,1.129,72791.0
2019-06-24,1.1396,1.1403,1.1359,1.1359,59479.0
2019-06-25,1.1365,1.1412,1.1342,1.1398,72508.0
2019-06-26,1.1368,1.139,1.1346,1.1364,73537.0
2019-06-27,1.1368,1.1381,1.1346,1.1367,66455.0
2019-06-28,1.1368,1.1393,1.1349,1.1369,65175.0
2019-07-01,1.1285,1.1374,1.1279,1.1374,76259.0
2019-07-02,1.1283,1.1319,1.1273,1.1284,77155.0
2019-07-03,1.1277,1.131,1.1267,1.1283,74718.0
2019-07-04,1.1284,1.1295,1.1271,1.1276,60352.0
2019-07-05,1.1224,1.1287,1.1205,1.1283,80744.0
2019-07-08,1.1214,1.1234,1.1205,1.1221,65610.0
2019-07-09,1.1206,1.1219,1.1192,1.1213,70421.0
2019-07-10,1.1249,1.1263,1.12,1.1206,81574.0
2019-07-11,1.1252,1.1285,1.1243,1.1249,82680.0
2019-07-12,1.1269,1.1275,1.1236,1.1252,78173.0
2019-07-15,1.1257,1.1284,1.1251,1.1267,61886.0
2019-07-16,1.1209,1.1263,1.12,1.1256,73543.0
2019-07-17,1.1223,1.1233,1.1198,1.1209,72847.0
2019-07-18,1.1275,1.128,1.1203,1.1222,82743.0
2019-07-19,1.122,1.1281,1.1202,1.1275,86565.0
2019-07-22,1.1208,1.1225,1.1204,1.1216,66812.0
2019-07-23,1.1151,1.1209,1.1144,1.1208,75822.0
2019-07-24,1.1139,1.1158,1.1125,1.115,80492.0
2019-07-25,1.1145,1.1187,1.11,1.114,79247.0
2019-07-26,1.1125,1.115,1.111,1.1145,65449.0
2019-07-29,1.1144,1.115,1.1111,1.1126,64099.0
2019-07-30,1.1153,1.116,1.113,1.1142,78917.0
2019-07-31,1.1074,1.1162,1.1058,1.1153,84768.0
2019-08-01,1.1083,1.1095,1.1025,1.1074,103827.0
2019-08-02,1.1107,1.1116,1.1068,1.1085,97581.0
2019-08-05,1.1202,1.1212,1.1101,1.1101,100408.0
2019-08-06,1.1198,1.1249,1.1166,1.1201,105458.0
2019-08-07,1.1197,1.1241,1.1178,1.1197,105395.0
2019-08-08,1.1178,1.1231,1.1175,1.1197,101848.0
2019-08-09,1.1198,1.1222,1.1178,1.1179,89359.0
2019-08-12,1.1212,1.123,1.116,1.1202,72489.0
2019-08-13,1.1169,1.1228,1.1169,1.1212,92355.0
2019-08-14,1.1138,1.119,1.1129,1.1169,91931.0
2019-08-15,1.1106,1.1158,1.1089,1.1137,92305.0
2019-08-16,1.1089,1.1112,1.1065,1.1105,75887.0
2019-08-19,1.1076,1.1113,1.1074,1.109,71546.0
2019-08-20,1.1099,1.1106,1.1064,1.1077,82513.0
2019-08-21,1.1083,1.1107,1.1079,1.1098,79980.0
2019-08-22,1.1078,1.1112,1.1062,1.1083,81702.0
2019-08-23,1.1144,1.1153,1.105,1.1078,91225.0
2019-08-26,1.11,1.1164,1.1092,1.1145,94649.0
2019-08-27,1.109,1.1115,1.1084,1.1101,84151.0
2019-08-28,1.1077,1.1098,1.1071,1.1089,83864.0
2019-08-29,1.1055,1.1091,1.104,1.1076,83427.0
2019-08-30,1.0989,1.106,1.0961,1.1056,83851.0
2019-09-02,1.0966,1.0998,1.0956,1.0988,67015.0
2019-09-03,1.0972,1.0978,1.0924,1.0968,94861.0
2019-09-04,1.1033,1.1037,1.0967,1.0972,94450.0
2019-09-05,1.1033,1.1084,1.1015,1.1035,91346.0
2019-09-06,1.1027,1.1056,1.1018,1.1033,84705.0
2019-09-09,1.1046,1.1067,1.1014,1.1022,67881.0
2019-09-10,1.1043,1.1059,1.1029,1.1045,72768.0
2019-09-11,1.1009,1.1055,1.0983,1.1042,75196.0
2019-09-12,1.1061,1.1086,1.0925,1.1009,89754.0
2019-09-13,1.1073,1.1109,1.1053,1.1062,81762.0
2019-09-16,1.1,1.1091,1.0992,1.1085,76333.0
2019-09-17,1.1071,1.1074,1.0988,1.0998,78207.0
2019-09-18,1.1029,1.1075,1.1012,1.1071,68216.0
2019-09-19,1.104,1.1073,1.1021,1.1028,68938.0
2019-09-20,1.1017,1.1068,1.0994,1.104,66062.0
2019-09-23,1.0991,1.1025,1.0964,1.1014,62981.0
2019-09-24,1.1018,1.1024,1.0982,1.0992,67686.0
2019-09-25,1.0941,1.1023,1.0936,1.1018,70802.0
2019-09-26,1.0921,1.0967,1.0907,1.0941,77231.0
2019-09-27,1.0938,1.0958,1.0903,1.0919,70740.0
2019-09-30,1.0898,1.0947,1.0883,1.0938,60679.0
2019-10-01,1.093,1.0942,1.0877,1.0899,66566.0
2019-10-02,1.0958,1.0963,1.0902,1.0931,59613.0
2019-10-03,1.0964,1.0999,1.0939,1.0957,74961.0
2019-10-04,1.0976,1.0997,1.0955,1.0962,77215.0
2019-10-07,1.097,1.1,1.096,1.0974,63619.0
2019-10-08,1.0954,1.0995,1.0939,1.0969,77643.0
2019-10-09,1.0969,1.0989,1.095,1.0955,74645.0
2019-10-10,1.1004,1.1034,1.0969,1.097,90925.0
2019-10-11,1.104,1.1062,1.0999,1.1004,92512.0
2019-10-14,1.1028,1.1048,1.1011,1.1042,70534.0
2019-10-15,1.1031,1.1045,1.0989,1.1027,88263.0
2019-10-16,1.107,1.1085,1.102,1.1031,87186.0
2019-10-17,1.1122,1.1139,1.1063,1.1071,86085.0
2019-10-18,1.1169,1.1172,1.1113,1.1124,71329.0
2019-10-21,1.1148,1.1179,1.1135,1.1141,72467.0
2019-10-22,1.1124,1.1157,1.1116,1.1148,77873.0
2019-10-23,1.1129,1.1139,1.1104,1.1123,77540.0
2019-10-24,1.1104,1.1162,1.1091,1.1129,77933.0
2019-10-25,1.1078,1.1122,1.1071,1.1103,66888.0
2019-10-28,1.1098,1.1107,1.1074,1.108,49680.0
2019-10-29,1.111,1.1118,1.1072,1.1097,56626.0
2019-10-30,1.1148,1.1151,1.1078,1.111,71389.0
2019-10-31,1.115,1.1174,1.1129,1.1149,84758.0
2019-11-01,1.1165,1.1171,1.1126,1.115,67556.0
2019-11-04,1.1126,1.1175,1.1123,1.1165,66795.0
2019-11-05,1.1074,1.114,1.1062,1.1126,81704.0
2019-11-06,1.1065,1.1093,1.1063,1.1073,73328.0
2019-11-07,1.1049,1.1091,1.1034,1.1065,84045.0
2019-11-08,1.1016,1.1055,1.1015,1.1048,56672.0
2019-11-11,1.1032,1.1043,1.1015,1.1021,45866.0
2019-11-12,1.1007,1.1038,1.1001,1.1031,58976.0
2019-11-13,1.1006,1.102,1.0993,1.1009,64757.0
2019-11-14,1.1021,1.1027,1.0987,1.1004,68060.0
2019-11-15,1.105,1.1057,1.1013,1.102,65271.0
2019-11-18,1.107,1.109,1.1046,1.105,64201.0
2019-11-19,1.1078,1.1083,1.1061,1.107,67017.0
2019-11-20,1.1072,1.1081,1.1051,1.1077,75061.0
2019-11-21,1.1057,1.1096,1.105,1.1072,70472.0
2019-11-22,1.1022,1.1085,1.1013,1.1057,65361.0
2019-11-25,1.1013,1.1032,1.1002,1.1023,57550.0
2019-11-26,1.1018,1.1025,1.1005,1.1012,60856.0
2019-11-27,1.0998,1.1024,1.099,1.1018,61755.0
2019-11-28,1.1007,1.1018,1.0997,1.0997,60178.0
2019-11-29,1.1015,1.1028,1.0979,1.1007,57114.0
2019-12-02,1.1077,1.1089,1.1001,1.1012,62320.0
2019-12-03,1.1081,1.1093,1.1064,1.1077,67153.0
2019-12-04,1.1076,1.1115,1.1065,1.108,65258.0
2019-12-05,1.1102,1.1108,1.1076,1.1077,53756.0
2019-12-06,1.1057,1.1109,1.1038,1.1104,47040.0
2019-12-09,1.1062,1.1078,1.105,1.1054,42704.0
2019-12-10,1.1092,1.1097,1.1061,1.1063,59629.0
2019-12-11,1.1128,1.1144,1.1068,1.109,62711.0
2019-12-12,1.1128,1.1154,1.1101,1.1128,67590.0
2019-12-13,1.1119,1.1199,1.111,1.1128,81104.0
2019-12-16,1.1142,1.1158,1.1121,1.1121,55190.0
2019-12-17,1.1149,1.1175,1.1127,1.1141,58497.0
2019-12-18,1.1111,1.1154,1.1109,1.1148,54791.0
2019-12-19,1.112,1.1144,1.1106,1.1111,53356.0
2019-12-20,1.1078,1.1125,1.1064,1.112,49590.0
2019-12-23,1.1086,1.1095,1.1068,1.1079,48041.0
2019-12-24,1.1087,1.1094,1.1068,1.1088,55941.0
2019-12-25,1.109,1.1105,1.1071,1.1087,16739.0
2019-12-26,1.1096,1.1109,1.108,1.109,30960.0
2019-12-27,1.1175,1.1187,1.1094,1.1095,51372.0
2019-12-30,1.1197,1.1222,1.1169,1.1173,51637.0
2019-12-31,1.121,1.1239,1.1196,1.1196,43320.0
2020-01-01,1.121,1.1222,1.1204,1.1212,422.0
2020-01-02,1.117,1.1225,1.1162,1.121,43897.0
2020-01-03,1.1158,1.118,1.1123,1.117,56620.0
2020-01-06,1.1193,1.1206,1.1153,1.1166,58883.0
2020-01-07,1.1151,1.1197,1.1131,1.1196,69970.0
2020-01-08,1.1103,1.1168,1.11,1.1152,87764.0
2020-01-09,1.1105,1.112,1.1091,1.1104,71073.0
2020-01-10,1.112,1.1129,1.1083,1.1104,63104.0
2020-01-13,1.1133,1.1146,1.1111,1.1123,64888.0
2020-01-14,1.1127,1.1144,1.1102,1.1133,75222.0
2020-01-15,1.1149,1.1163,1.1117,1.1128,73334.0
2020-01-16,1.1135,1.1172,1.1126,1.1149,63959.0
2020-01-17,1.1088,1.1142,1.1084,1.1135,51680.0
2020-01-20,1.1094,1.1102,1.1075,1.109,48779.0
2020-01-21,1.1082,1.1118,1.1079,1.1094,59802.0
2020-01-22,1.1091,1.1098,1.1068,1.1082,61010.0
2020-01-23,1.1052,1.1108,1.1035,1.1091,51046.0
2020-01-24,1.1023,1.1061,1.1018,1.1053,56271.0
2020-01-27,1.1016,1.1037,1.1008,1.1019,66687.0
2020-01-28,1.102,1.1025,1.0996,1.1018,63239.0
2020-01-29,1.1009,1.1027,1.099,1.1021,66917.0
2020-01-30,1.103,1.1038,1.1004,1.1008,71941.0
2020-01-31,1.1093,1.1096,1.1015,1.1031,69737.0
2020-02-03,1.1058,1.1095,1.1034,1.1091,63799.0
2020-02-04,1.1042,1.1064,1.1031,1.1058,71241.0
2020-02-05,1.0997,1.1047,1.0992,1.1044,71875.0
2020-02-06,1.098,1.1013,1.0963,1.0999,72556.0
2020-02-07,1.0943,1.0985,1.094,1.0981,69263.0
2020-02-10,1.0909,1.0957,1.0906,1.0949,75920.0
2020-02-11,1.0914,1.0924,1.0889,1.091,73605.0
2020-02-12,1.0871,1.0925,1.0863,1.0914,71517.0
2020-02-13,1.084,1.0888,1.0832,1.0872,74397.0
2020-02-14,1.083,1.0861,1.0826,1.0839,71961.0
2020-02-17,1.0834,1.085,1.082,1.083,57615.0
2020-02-18,1.0791,1.0837,1.0784,1.0836,79007.0
2020-02-19,1.0804,1.0811,1.078,1.079,78970.0
2020-02-20,1.0783,1.082,1.0775,1.0804,79089.0
2020-02-21,1.0843,1.0863,1.0782,1.0783,72956.0
2020-02-24,1.0852,1.0871,1.0803,1.0839,80313.0
2020-02-25,1.0879,1.089,1.0828,1.0852,95392.0
2020-02-26,1.0879,1.0908,1.0853,1.0879,96541.0
2020-02-27,1.0998,1.1005,1.0877,1.088,96551.0
2020-02-28,1.1025,1.1053,1.0949,1.0999,103281.0
2020-03-02,1.1132,1.1185,1.1001,1.1001,112471.0
2020-03-03,1.1171,1.1212,1.1093,1.1131,111384.0
2020-03-04,1.1134,1.1186,1.1093,1.117,99181.0
2020-03-05,1.1239,1.1244,1.1118,1.1134,95964.0
2020-03-06,1.1285,1.1354,1.121,1.1236,120585.0
2020-03-09,1.1447,1.1492,1.1282,1.1291,140682.0
2020-03-10,1.1279,1.1458,1.1273,1.1445,130043.0
2020-03-11,1.1267,1.1366,1.1256,1.1279,136108.0
2020-03-12,1.1183,1.1333,1.1054,1.1267,141452.0
2020-03-13,1.1105,1.1221,1.1053,1.1183,150518.0
2020-03-16,1.1181,1.1236,1.1044,1.1083,140342.0
2020-03-17,1.0996,1.1188,1.0953,1.1181,135652.0
2020-03-18,1.0913,1.1044,1.08,1.0995,142401.0
2020-03-19,1.069,1.098,1.0653,1.0913,154128.0
2020-03-20,1.0694,1.0831,1.0636,1.069,157424.0
2020-03-23,1.0721,1.0827,1.0635,1.0694,142133.0
2020-03-24,1.0787,1.0887,1.072,1.0724,140567.0
2020-03-25,1.088,1.0893,1.0759,1.0787,141889.0
2020-03-26,1.1028,1.1058,1.0867,1.088,135713.0
2020-03-27,1.114,1.1146,1.0952,1.1029,137100.0
2020-03-30,1.1046,1.1143,1.1008,1.1135,120263.0
2020-03-31,1.1029,1.1054,1.0925,1.1048,132039.0
2020-04-01,1.0962,1.1039,1.0901,1.1029,127792.0
2020-04-02,1.0856,1.0968,1.0819,1.0962,131830.0
2020-04-03,1.0808,1.0864,1.0771,1.0856,114662.0
2020-04-06,1.0791,1.0834,1.0766,1.0813,115259.0
2020-04-07,1.0889,1.0924,1.0782,1.0791,140120.0
2020-04-08,1.0856,1.0902,1.0828,1.0889,128095.0
2020-04-09,1.0927,1.0951,1.0839,1.0855,116287.0
2020-04-10,1.0935,1.0951,1.0917,1.0928,62119.0
2020-04-13,1.0913,1.0967,1.0891,1.0941,62168.0
2020-04-14,1.0979,1.0987,1.0902,1.0912,110474.0
2020-04-15,1.0907,1.099,1.0855,1.0979,111309.0
2020-04-16,1.0835,1.0912,1.0815,1.0909,128708.0
2020-04-17,1.0876,1.0892,1.081,1.0833,129164.0
2020-04-20,1.0862,1.0896,1.0839,1.0873,114317.0
2020-04-21,1.0856,1.088,1.0814,1.086,121507.0
2020-04-22,1.0822,1.0885,1.08,1.0855,114980.0
2020-04-23,1.0776,1.0846,1.0754,1.0822,121043.0
2020-04-24,1.082,1.0829,1.0725,1.0776,119650.0
2020-04-27,1.0828,1.0861,1.0806,1.0808,113186.0
2020-04-28,1.0818,1.0888,1.0808,1.0828,132701.0
2020-04-29,1.0873,1.0885,1.0816,1.0818,131413.0
2020-04-30,1.0955,1.0971,1.0831,1.087,122442.0
2020-05-01,1.0983,1.1017,1.0933,1.0954,91361.0
2020-05-04,1.0906,1.098,1.0894,1.098,87751.0
2020-05-05,1.0838,1.0925,1.0824,1.0905,100330.0
2020-05-06,1.0794,1.0847,1.078,1.0835,106062.0
2020-05-07,1.0832,1.0834,1.0765,1.0794,109253.0
2020-05-08,1.084,1.0875,1.0813,1.0831,104971.0
2020-05-11,1.0806,1.085,1.0799,1.0836,96779.0
2020-05-12,1.0846,1.0884,1.0783,1.0805,125122.0
2020-05-13,1.0816,1.0895,1.081,1.0846,119988.0
2020-05-14,1.0804,1.0824,1.0773,1.0818,115476.0
2020-05-15,1.0815,1.0849,1.0787,1.0803,98478.0
2020-05-18,1.0912,1.0926,1.0798,1.0815,90582.0
2020-05-19,1.0921,1.0976,1.09,1.0911,112063.0
2020-05-20,1.0977,1.0999,1.0916,1.0926,118503.0
2020-05-21,1.0949,1.1008,1.0935,1.0978,109499.0
2020-05-22,1.09,1.0959,1.0884,1.0948,118983.0
2020-05-25,1.0899,1.0914,1.0869,1.0902,65121.0
2020-05-26,1.098,1.0995,1.089,1.0898,100331.0
2020-05-27,1.1003,1.103,1.0932,1.0982,123597.0
2020-05-28,1.1076,1.1093,1.099,1.1003,121593.0
2020-05-29,1.1098,1.1144,1.1068,1.1076,119665.0
2020-06-01,1.1134,1.1153,1.1094,1.1096,103975.0
2020-06-02,1.1169,1.1195,1.1113,1.1135,128727.0
2020-06-03,1.1232,1.1256,1.1165,1.117,136518.0
2020-06-04,1.1336,1.1361,1.1193,1.1232,123945.0
2020-06-05,1.1284,1.1383,1.1277,1.1336,118688.0
2020-06-08,1.1292,1.1319,1.1266,1.1287,92171.0
2020-06-09,1.134,1.1364,1.1239,1.1295,119414.0
2020-06-10,1.1369,1.1422,1.1321,1.1339,120986.0
2020-06-11,1.1297,1.1403,1.1286,1.1372,144069.0
2020-06-12,1.1254,1.134,1.1211,1.1297,119104.0
2020-06-15,1.1322,1.1333,1.1225,1.1245,127455.0
2020-06-16,1.1263,1.1352,1.1226,1.1323,120590.0
2020-06-17,1.1243,1.1294,1.1205,1.1263,137107.0
2020-06-18,1.1202,1.1262,1.1184,1.1242,125419.0
2020-06-19,1.1175,1.1254,1.1167,1.1203,122265.0
2020-06-22,1.1258,1.1269,1.1167,1.1183,109675.0
2020-06-23,1.1306,1.1348,1.1231,1.1258,131868.0
2020-06-24,1.125,1.1325,1.1247,1.1307,121539.0
2020-06-25,1.1217,1.126,1.1189,1.125,130058.0
2020-06-26,1.1217,1.1239,1.1193,1.1217,117837.0
2020-06-29,1.124,1.1288,1.1215,1.1225,120440.0
2020-06-30,1.1231,1.1261,1.1189,1.124,125661.0
2020-07-01,1.125,1.1274,1.1183,1.1231,98496.0
2020-07-02,1.1238,1.1302,1.1221,1.125,109992.0
2020-07-03,1.1248,1.1253,1.1217,1.1238,117328.0
2020-07-06,1.1308,1.1345,1.1238,1.124,92463.0
2020-07-07,1.127,1.1332,1.1257,1.1306,118915.0
2020-07-08,1.1329,1.1351,1.126,1.1271,114708.0
2020-07-09,1.1281,1.137,1.1278,1.1327,102922.0
2020-07-10,1.1298,1.1324,1.1253,1.1284,92411.0
2020-07-13,1.134,1.1374,1.1295,1.1299,94596.0
2020-07-14,1.1396,1.1408,1.1323,1.1341,122200.0
2020-07-15,1.141,1.1451,1.1389,1.1398,114093.0
2020-07-16,1.1383,1.1442,1.1369,1.1409,117851.0
2020-07-17,1.1426,1.1443,1.1376,1.1382,104774.0
2020-07-20,1.1444,1.1467,1.14,1.1408,91329.0
2020-07-21,1.1526,1.1539,1.1421,1.1447,91417.0
2020-07-22,1.1568,1.16,1.1505,1.1527,98975.0
2020-07-23,1.1594,1.1626,1.1538,1.1573,101833.0
2020-07-24,1.1654,1.1658,1.1579,1.1595,107483.0
2020-07-27,1.1751,1.1781,1.1635,1.1646,102175.0
2020-07-28,1.1714,1.1773,1.1697,1.1751,103297.0
2020-07-29,1.179,1.1805,1.1712,1.1716,99769.0
2020-07-30,1.1846,1.1848,1.1729,1.1786,119561.0
2020-07-31,1.1774,1.1908,1.1758,1.1844,111287.0
2020-08-03,1.1761,1.1796,1.1694,1.1781,97016.0
2020-08-04,1.18,1.1806,1.1719,1.1763,90140.0
2020-08-05,1.1861,1.1905,1.1791,1.18,106240.0
2020-08-06,1.1875,1.1915,1.1816,1.1862,121224.0
2020-08-07,1.1786,1.1883,1.1754,1.1875,102811.0
2020-08-10,1.1736,1.1801,1.1734,1.1786,87414.0
2020-08-11,1.1739,1.1807,1.1721,1.1736,101793.0
2020-08-12,1.1782,1.1814,1.1709,1.1738,81069.0
2020-08-13,1.1812,1.1864,1.1779,1.1784,93336.0
2020-08-14,1.1841,1.185,1.1781,1.1813,78128.0
2020-08-17,1.1869,1.188,1.1827,1.1838,86602.0
2020-08-18,1.1929,1.1965,1.1864,1.1869,105451.0
2020-08-19,1.1836,1.1952,1.1828,1.1929,110239.0
2020-08-20,1.1859,1.1868,1.18,1.1837,114055.0
2020-08-21,1.1795,1.1882,1.1753,1.1858,98561.0
2020-08-24,1.1787,1.1849,1.1782,1.1785,86280.0
2020-08-25,1.1833,1.1844,1.1782,1.1791,99433.0
2020-08-26,1.1829,1.184,1.177,1.1834,99767.0
2020-08-27,1.1821,1.19,1.1761,1.1829,104954.0
2020-08-28,1.1903,1.1919,1.1809,1.182,95958.0
2020-08-31,1.1936,1.1965,1.1882,1.1897,86897.0
2020-09-01,1.191,1.2011,1.1899,1.1934,103882.0
2020-09-02,1.1853,1.1929,1.182,1.1909,102487.0
2020-09-03,1.1849,1.1864,1.1787,1.185,106374.0
2020-09-04,1.1838,1.1864,1.1779,1.1848,99676.0
2020-09-07,1.1817,1.1848,1.181,1.1831,72678.0
2020-09-08,1.1779,1.1827,1.1764,1.1815,108807.0
2020-09-09,1.1802,1.1833,1.1751,1.1775,107963.0
2020-09-10,1.1813,1.1916,1.1799,1.1799,97149.0
2020-09-11,1.1845,1.1874,1.1811,1.1812,85263.0
2020-09-14,1.1868,1.1887,1.1828,1.1838,66103.0
2020-09-15,1.1845,1.1899,1.1838,1.1863,74092.0
2020-09-16,1.1814,1.1882,1.1785,1.1848,99172.0
2020-09-17,1.1847,1.1853,1.1735,1.1814,120765.0
2020-09-18,1.1837,1.187,1.1825,1.1848,101563.0
2020-09-21,1.1769,1.1871,1.173,1.1846,138822.0
2020-09-22,1.1706,1.1773,1.169,1.1769,126688.0
2020-09-23,1.1659,1.1718,1.1649,1.1707,138950.0
2020-09-24,1.1672,1.1687,1.1625,1.1659,137599.0
2020-09-25,1.163,1.1684,1.1611,1.1669,110259.0
2020-09-28,1.1664,1.1678,1.1613,1.1636,66525.0
2020-09-29,1.1742,1.1745,1.1659,1.1664,83243.0
2020-09-30,1.1718,1.1755,1.1683,1.1741,97738.0
2020-10-01,1.1747,1.1769,1.1715,1.1718,124502.0
2020-10-02,1.1713,1.175,1.1694,1.1746,133931.0
2020-10-05,1.1781,1.1797,1.1705,1.1714,89852.0
2020-10-06,1.1734,1.1807,1.173,1.178,116865.0
2020-10-07,1.176,1.1782,1.1723,1.1733,110951.0
2020-10-08,1.1758,1.1781,1.1731,1.176,123242.0
2020-10-09,1.1824,1.1831,1.1751,1.1757,80078.0
2020-10-12,1.1813,1.1826,1.1785,1.1818,93745.0
2020-10-13,1.1744,1.1816,1.1729,1.1811,109712.0
2020-10-14,1.1746,1.177,1.1718,1.1744,102001.0
2020-10-15,1.1706,1.1758,1.1686,1.1746,93652.0
2020-10-16,1.1718,1.1745,1.1692,1.1706,99825.0
2020-10-19,1.1766,1.1793,1.1701,1.1721,79034.0
2020-10-20,1.1821,1.184,1.1758,1.1768,80903.0
2020-10-21,1.1861,1.188,1.182,1.182,102146.0
2020-10-22,1.1816,1.1866,1.181,1.186,92339.0
2020-10-23,1.1859,1.1864,1.1785,1.1817,99235.0
2020-10-26,1.1808,1.1859,1.1801,1.1856,84548.0
2020-10-27,1.1795,1.1838,1.1791,1.1808,87253.0
2020-10-28,1.1744,1.1797,1.1716,1.1795,110988.0
2020-10-29,1.1674,1.1758,1.1648,1.1746,148266.0
2020-10-30,1.1647,1.1704,1.1638,1.1672,116352.0
2020-11-02,1.164,1.1656,1.1621,1.1656,87869.0
2020-11-03,1.1711,1.1739,1.1632,1.1639,89576.0
2020-11-04,1.1722,1.1768,1.1602,1.1713,143658.0
2020-11-05,1.1821,1.1859,1.1709,1.1723,124204.0
2020-11-06,1.1872,1.189,1.1793,1.1825,133317.0
2020-11-09,1.1813,1.1919,1.1793,1.1881,151736.0
2020-11-10,1.1814,1.1843,1.1778,1.1811,164323.0
2020-11-11,1.1777,1.1833,1.1744,1.1808,142791.0
2020-11-12,1.1804,1.1822,1.1757,1.1775,136876.0
2020-11-13,1.1832,1.1836,1.1797,1.1803,117641.0
2020-11-16,1.1853,1.1868,1.1812,1.1827,84284.0
2020-11-17,1.1861,1.1893,1.1841,1.1851,87185.0
2020-11-18,1.1852,1.1891,1.1847,1.1862,129048.0
2020-11-19,1.1873,1.1882,1.1815,1.1852,113767.0
2020-11-20,1.1853,1.189,1.1848,1.1874,103337.0
2020-11-23,1.184,1.1905,1.1799,1.1851,86128.0
2020-11-24,1.1888,1.1895,1.1835,1.184,96606.0
2020-11-25,1.1913,1.1929,1.188,1.1889,105993.0
2020-11-26,1.1913,1.194,1.1883,1.1915,78636.0
2020-11-27,1.1962,1.1964,1.1905,1.1912,72265.0
2020-11-30,1.1928,1.2003,1.1922,1.1957,74001.0
2020-12-01,1.207,1.2076,1.1925,1.1926,100325.0
2020-12-02,1.2115,1.2118,1.2038,1.2068,105233.0
2020-12-03,1.214,1.2175,1.2099,1.2113,132125.0
2020-12-04,1.212,1.2177,1.2109,1.214,131095.0
2020-12-07,1.2108,1.2166,1.2077,1.2128,130846.0
2020-12-08,1.2101,1.2133,1.2094,1.2107,150889.0
2020-12-09,1.2081,1.2147,1.2057,1.2101,134039.0
2020-12-10,1.2136,1.2158,1.2073,1.2081,94875.0
2020-12-11,1.2111,1.2162,1.2103,1.2135,86534.0
2020-12-14,1.2143,1.2176,1.2114,1.2129,92552.0
2020-12-15,1.2151,1.2169,1.212,1.2143,121015.0
2020-12-16,1.2197,1.2211,1.2123,1.2151,141796.0
2020-12-17,1.2266,1.2273,1.2189,1.2198,118833.0
2020-12-18,1.2255,1.2272,1.2224,1.2266,103629.0
2020-12-21,1.2242,1.2252,1.2128,1.224,162422.0
2020-12-22,1.2161,1.2256,1.215,1.2242,179411.0
2020-12-23,1.2185,1.222,1.2152,1.2161,197789.0
2020-12-24,1.2186,1.2215,1.2175,1.2186,134452.0
2020-12-25,1.2204,1.2204,1.2161,1.2185,14418.0
2020-12-28,1.2214,1.225,1.2179,1.22,77766.0
2020-12-29,1.2247,1.2274,1.2206,1.2215,98533.0
2020-12-30,1.2295,1.2309,1.2244,1.2246,104536.0
2020-12-31,1.2213,1.2309,1.2207,1.2296,89059.0
2021-01-01,1.2212,1.2215,1.2208,1.2214,-1.0
2021-01-04,1.2248,1.2309,1.2221,1.2229,100680.0
2021-01-05,1.2294,1.2306,1.2244,1.2245,107741.0
2021-01-06,1.2325,1.2349,1.2264,1.2294,109235.0
2021-01-07,1.227,1.2345,1.2243,1.2325,109242.0
2021-01-08,1.2218,1.2283,1.219,1.2271,99672.0
2021-01-11,1.2149,1.2225,1.213,1.2215,123216.0
2021-01-12,1.2207,1.2209,1.2135,1.215,117451.0
2021-01-13,1.2157,1.2222,1.2138,1.2206,103135.0
2021-01-14,1.2156,1.2178,1.2109,1.2156,100480.0
2021-01-15,1.2078,1.2162,1.2072,1.2153,105009.0
2021-01-18,1.2076,1.2089,1.2052,1.2083,91538.0
2021-01-19,1.2128,1.2144,1.2072,1.2076,98734.0
2021-01-20,1.2104,1.2157,1.2075,1.2126,111478.0
2021-01-21,1.2162,1.2173,1.2101,1.2104,118935.0
2021-01-22,1.2167,1.2189,1.215,1.2162,108289.0
2021-01-25,1.2137,1.2183,1.2114,1.2166,109582.0
2021-01-26,1.216,1.2175,1.2106,1.2136,110110.0
2021-01-27,1.2108,1.2169,1.2056,1.2158,149640.0
2021-01-28,1.2121,1.2141,1.2079,1.2108,194468.0
2021-01-29,1.2136,1.2155,1.2092,1.2121,181150.0
2021-02-01,1.2059,1.2144,1.2053,1.2138,150236.0
2021-02-02,1.2042,1.2087,1.201,1.2058,165348.0
2021-02-03,1.2034,1.2049,1.2002,1.2042,140664.0
2021-02-04,1.1962,1.2042,1.1956,1.2032,116513.0
2021-02-05,1.2042,1.2049,1.195,1.1962,106011.0
2021-02-08,1.2048,1.2066,1.2018,1.204,150884.0
2021-02-09,1.2117,1.2121,1.2044,1.2048,134121.0
2021-02-10,1.2116,1.2143,1.2107,1.2117,125153.0
2021-02-11,1.2128,1.2149,1.2111,1.2116,103484.0
2021-02-12,1.2118,1.2134,1.208,1.2128,96592.0
2021-02-15,1.2127,1.2144,1.2115,1.2121,86107.0
2021-02-16,1.2104,1.2169,1.2093,1.2128,123987.0
2021-02-17,1.2036,1.2109,1.2021,1.2105,134239.0
2021-02-18,1.2088,1.2094,1.2034,1.2035,126813.0
2021-02-19,1.2117,1.2144,1.208,1.2089,128468.0
2021-02-22,1.2154,1.2169,1.2089,1.2115,111600.0
2021-02-23,1.2149,1.2179,1.2134,1.2154,149819.0
2021-02-24,1.2164,1.2175,1.2107,1.2149,130683.0
2021-02-25,1.2176,1.2242,1.2154,1.2161,179314.0
2021-02-26,1.2074,1.2184,1.206,1.2174,158337.0
2021-03-01,1.2047,1.2101,1.2026,1.2077,138895.0
2021-03-02,1.2089,1.2094,1.199,1.2047,117172.0
2021-03-03,1.2062,1.2112,1.2041,1.2089,125206.0
2021-03-04,1.1966,1.2066,1.196,1.2062,130053.0
2021-03-05,1.1917,1.1977,1.1892,1.1966,121584.0
2021-03-08,1.1843,1.1932,1.1842,1.192,119384.0
2021-03-09,1.1898,1.1915,1.1834,1.1845,127754.0
2021-03-10,1.1925,1.1929,1.1867,1.1898,111859.0
2021-03-11,1.1984,1.1989,1.1914,1.1927,104723.0
2021-03-12,1.1952,1.1988,1.1908,1.1981,107514.0
2021-03-15,1.1928,1.1967,1.1909,1.195,96798.0
2021-03-16,1.19,1.1951,1.1881,1.1927,96889.0
2021-03-17,1.1978,1.1985,1.1884,1.1904,101585.0
2021-03-18,1.1915,1.1988,1.1905,1.1978,98752.0
2021-03-19,1.1903,1.1938,1.1872,1.1913,108423.0
2021-03-22,1.1931,1.1946,1.1869,1.1897,99731.0
2021-03-23,1.1849,1.194,1.184,1.1933,94563.0
2021-03-24,1.1812,1.1853,1.1808,1.185,124607.0
2021-03-25,1.1764,1.1827,1.176,1.1811,109844.0
2021-03-26,1.1796,1.1804,1.1762,1.1762,101875.0
2021-03-29,1.1762,1.1795,1.1759,1.1793,84187.0
2021-03-30,1.1714,1.1773,1.171,1.1762,73522.0
2021-03-31,1.1728,1.1759,1.1702,1.1714,109162.0
2021-04-01,1.1775,1.1779,1.1711,1.173,114052.0
2021-04-02,1.1762,1.1786,1.1747,1.1775,46836.0
2021-04-05,1.1811,1.1819,1.1736,1.1759,39427.0
2021-04-06,1.1875,1.1877,1.1794,1.1812,81856.0
2021-04-07,1.187,1.1914,1.1859,1.1873,105521.0
2021-04-08,1.1912,1.1927,1.1859,1.1865,87064.0
2021-04-09,1.1896,1.192,1.1865,1.1911,83395.0
2021-04-12,1.1909,1.1919,1.1869,1.1889,97853.0
2021-04-13,1.1946,1.1955,1.1877,1.1909,104201.0
2021-04-14,1.1978,1.1987,1.1945,1.1948,108551.0
2021-04-15,1.1965,1.1993,1.1954,1.1978,127723.0
2021-04-16,1.1983,1.1994,1.1949,1.1965,107292.0
2021-04-19,1.2033,1.2048,1.1941,1.1982,82290.0
2021-04-20,1.2033,1.2079,1.2021,1.2034,109149.0
2021-04-21,1.2033,1.2043,1.1997,1.2035,116317.0
2021-04-22,1.2015,1.2069,1.1992,1.2033,114062.0
2021-04-23,1.2099,1.2099,1.2011,1.2013,94698.0
2021-04-26,1.2083,1.2116,1.2059,1.2092,94160.0
2021-04-27,1.209,1.2092,1.2055,1.2084,117363.0
2021-04-28,1.2123,1.2134,1.2054,1.2089,87029.0
2021-04-29,1.2118,1.2149,1.2101,1.2124,104129.0
2021-04-30,1.2018,1.2126,1.2015,1.2115,94174.0
2021-05-03,1.2061,1.2075,1.2011,1.2029,68487.0
2021-05-04,1.2013,1.2065,1.1997,1.2062,118321.0
2021-05-05,1.2005,1.2026,1.1984,1.2011,121931.0
2021-05-06,1.2064,1.2071,1.1991,1.2004,108324.0
2021-05-07,1.2163,1.2171,1.2051,1.2064,89192.0
2021-05-10,1.2129,1.2177,1.2126,1.2159,110400.0
2021-05-11,1.2146,1.218,1.2121,1.2127,118043.0
2021-05-12,1.2069,1.2151,1.2064,1.2146,102133.0
2021-05-13,1.2078,1.2107,1.2049,1.2071,98848.0
2021-05-14,1.214,1.2149,1.2069,1.2078,76084.0
2021-05-17,1.2151,1.2168,1.2124,1.2138,84678.0
2021-05-18,1.222,1.2233,1.215,1.2151,90301.0
2021-05-19,1.2172,1.2244,1.2158,1.222,97652.0
2021-05-20,1.2226,1.2229,1.2167,1.2169,101343.0
2021-05-21,1.2179,1.2239,1.2159,1.2228,98553.0
2021-05-24,1.2215,1.2229,1.2171,1.2176,89843.0
2021-05-25,1.225,1.2266,1.221,1.2215,94462.0
2021-05-26,1.219,1.2262,1.218,1.2251,81357.0
2021-05-27,1.2192,1.2215,1.2173,1.219,88032.0
2021-05-28,1.2189,1.2204,1.2131,1.2193,66946.0
2021-05-31,1.2225,1.2231,1.2182,1.219,75220.0
2021-06-01,1.2211,1.2254,1.221,1.2225,73682.0
2021-06-02,1.2209,1.2226,1.2162,1.2212,67037.0
2021-06-03,1.2124,1.2215,1.2116,1.2208,59684.0
2021-06-04,1.2165,1.2185,1.2102,1.2127,63128.0
2021-06-07,1.2189,1.2201,1.2143,1.2166,47634.0
2021-06-08,1.2171,1.2194,1.2162,1.2189,58817.0
2021-06-09,1.2178,1.2218,1.2169,1.2171,58041.0
2021-06-10,1.2169,1.2193,1.2141,1.218,77810.0
2021-06-11,1.2106,1.2195,1.2091,1.2168,79625.0
2021-06-14,1.2118,1.213,1.2092,1.2108,49584.0
2021-06-15,1.2124,1.2148,1.2099,1.2118,61730.0
2021-06-16,1.1994,1.2134,1.1992,1.2125,79830.0
2021-06-17,1.1906,1.2006,1.189,1.1994,88241.0
2021-06-18,1.186,1.1925,1.1845,1.1906,101780.0
2021-06-21,1.1915,1.1921,1.1846,1.1866,107092.0
2021-06-22,1.1938,1.1952,1.1879,1.1916,76874.0
2021-06-23,1.1925,1.1969,1.191,1.1937,64071.0
2021-06-24,1.193,1.1956,1.1916,1.1925,77341.0
2021-06-25,1.1933,1.1975,1.1924,1.193,61858.0
2021-06-28,1.1924,1.1944,1.1901,1.1933,51122.0
2021-06-29,1.1895,1.1931,1.1876,1.1924,57475.0
2021-06-30,1.1855,1.1909,1.1843,1.1895,60663.0
2021-07-01,1.1848,1.1884,1.1836,1.1857,53043.0
2021-07-02,1.1864,1.1874,1.1805,1.1848,62365.0
2021-07-05,1.1861,1.188,1.185,1.186,51442.0
2021-07-06,1.1822,1.1894,1.1805,1.1861,90388.0
2021-07-07,1.1789,1.1838,1.178,1.1822,57916.0
2021-07-08,1.1842,1.1867,1.1782,1.179,58996.0
2021-07-09,1.1873,1.1881,1.1823,1.1842,51080.0
2021-07-12,1.1859,1.1879,1.1834,1.187,73858.0
2021-07-13,1.1774,1.1875,1.177,1.186,57969.0
2021-07-14,1.1835,1.1838,1.177,1.1774,53477.0
2021-07-15,1.1812,1.185,1.1794,1.1835,75969.0
2021-07-16,1.1805,1.1822,1.179,1.1812,71219.0
2021-07-19,1.1798,1.1824,1.1762,1.1806,77077.0
2021-07-20,1.1779,1.1804,1.1754,1.1799,97730.0
2021-07-21,1.1792,1.1804,1.175,1.178,63865.0
2021-07-22,1.177,1.183,1.1756,1.1791,61500.0
2021-07-23,1.1771,1.1787,1.1752,1.1767,72944.0
2021-07-26,1.1799,1.1817,1.1762,1.1776,49611.0
2021-07-27,1.1814,1.184,1.1768,1.1802,64665.0
2021-07-28,1.1842,1.1849,1.1771,1.1815,93672.0
2021-07-29,1.1886,1.1892,1.1839,1.1843,80597.0
2021-07-30,1.187,1.1909,1.185,1.1886,60739.0
2021-08-02,1.1867,1.1896,1.1857,1.1862,46142.0
2021-08-03,1.186,1.1893,1.1852,1.1866,57117.0
2021-08-04,1.1835,1.1899,1.1831,1.1862,71343.0
2021-08-05,1.1832,1.1857,1.1826,1.1835,77632.0
2021-08-06,1.176,1.1835,1.1752,1.1832,64111.0
2021-08-09,1.1737,1.1768,1.1733,1.176,75775.0
2021-08-10,1.1718,1.1742,1.1708,1.1736,110034.0
2021-08-11,1.1737,1.1752,1.1704,1.1718,64433.0
2021-08-12,1.1727,1.1748,1.1722,1.1736,71792.0
2021-08-13,1.1791,1.1804,1.1726,1.1729,61355.0
2021-08-16,1.1777,1.18,1.1766,1.1792,67855.0
2021-08-17,1.1708,1.1784,1.1706,1.1774,66430.0
2021-08-18,1.171,1.1742,1.1692,1.1709,71012.0
2021-08-19,1.1674,1.1715,1.1664,1.1709,77272.0
2021-08-20,1.1696,1.1704,1.1662,1.1674,60247.0
2021-08-23,1.1743,1.175,1.169,1.1692,55859.0
2021-08-24,1.1753,1.1764,1.1725,1.1744,47893.0
2021-08-25,1.177,1.1774,1.1724,1.1752,77099.0
2021-08-26,1.175,1.1779,1.1744,1.177,76189.0
2021-08-27,1.1793,1.1802,1.1733,1.175,96316.0
2021-08-30,1.1795,1.1809,1.1781,1.1791,52843.0
2021-08-31,1.1807,1.1847,1.1793,1.1795,72916.0
2021-09-01,1.1837,1.1856,1.1792,1.1808,75938.0
2021-09-02,1.1873,1.1876,1.1833,1.1838,62566.0
2021-09-03,1.1882,1.1908,1.1864,1.1873,84792.0
2021-09-06,1.1868,1.1886,1.1854,1.1877,49820.0
2021-09-07,1.1839,1.1884,1.1836,1.1868,72589.0
2021-09-08,1.1813,1.1851,1.18,1.1838,79425.0
2021-09-09,1.1825,1.1841,1.1803,1.1815,60732.0
2021-09-10,1.1814,1.185,1.1807,1.1824,66659.0
2021-09-13,1.1808,1.1817,1.1768,1.1812,51853.0
2021-09-14,1.1802,1.1845,1.1798,1.181,69127.0
2021-09-15,1.1815,1.1832,1.1797,1.1804,66938.0
2021-09-16,1.1764,1.182,1.1749,1.1814,91390.0
2021-09-17,1.1725,1.1788,1.1722,1.176,66238.0
2021-09-20,1.1725,1.1736,1.1698,1.173,68964.0
2021-09-21,1.1723,1.1749,1.1713,1.1724,67826.0
2021-09-22,1.1686,1.1755,1.1682,1.1724,74069.0
2021-09-23,1.1736,1.1749,1.1682,1.1684,70894.0
2021-09-24,1.1714,1.1747,1.1699,1.1736,75216.0
2021-09-27,1.1694,1.1726,1.1683,1.1723,60189.0
2021-09-28,1.1681,1.1703,1.1666,1.1694,74307.0
2021-09-29,1.1595,1.169,1.1588,1.1681,66603.0
2021-09-30,1.1581,1.161,1.1561,1.1594,73407.0
2021-10-01,1.1594,1.1607,1.1561,1.158,51538.0
2021-10-04,1.1621,1.164,1.1586,1.1591,52387.0
2021-10-05,1.1596,1.1622,1.1579,1.1622,67914.0
2021-10-06,1.1556,1.1603,1.1527,1.1601,68603.0
2021-10-07,1.155,1.1571,1.1546,1.1554,58876.0
2021-10-08,1.1567,1.1584,1.1539,1.1549,55795.0
2021-10-11,1.1551,1.1587,1.1547,1.1569,61783.0
2021-10-12,1.1527,1.157,1.1523,1.1553,49290.0
2021-10-13,1.1592,1.1597,1.1525,1.1526,81906.0
2021-10-14,1.1594,1.1624,1.1582,1.1591,47446.0
2021-10-15,1.16,1.1619,1.1586,1.1597,77654.0
2021-10-18,1.1609,1.1622,1.157,1.1596,80357.0
2021-10-19,1.1632,1.1669,1.1606,1.1609,54628.0
2021-10-20,1.1649,1.1658,1.1615,1.1632,58839.0
2021-10-21,1.1621,1.1667,1.1618,1.1648,62611.0
2021-10-22,1.1647,1.1655,1.1619,1.1621,59506.0
2021-10-25,1.1606,1.1664,1.1589,1.1642,64089.0
2021-10-26,1.1595,1.1625,1.1583,1.1605,52403.0
2021-10-27,1.1604,1.1625,1.1583,1.1595,58773.0
2021-10-28,1.1679,1.1692,1.158,1.1604,76727.0
2021-10-29,1.1561,1.1689,1.1533,1.1678,66749.0
2021-11-01,1.1606,1.1609,1.1544,1.1557,88670.0
2021-11-02,1.1577,1.1613,1.1573,1.1603,76227.0
2021-11-03,1.161,1.1615,1.156,1.1577,84988.0
2021-11-04,1.1552,1.1616,1.1527,1.161,81973.0
2021-11-05,1.1566,1.1573,1.1511,1.1552,73660.0
2021-11-08,1.1586,1.1594,1.1549,1.1554,68432.0
2021-11-09,1.1591,1.1608,1.1568,1.1587,59022.0
2021-11-10,1.1478,1.1595,1.1474,1.1591,77731.0
2021-11-11,1.145,1.1487,1.1441,1.148,52720.0
2021-11-12,1.145,1.1461,1.1431,1.1452,67652.0
2021-11-15,1.1367,1.1463,1.1354,1.145,68249.0
2021-11-16,1.1319,1.1385,1.1307,1.1366,75970.0
2021-11-17,1.1319,1.1332,1.1262,1.1319,84791.0
2021-11-18,1.1369,1.1374,1.1312,1.1318,102377.0
2021-11-19,1.1288,1.1373,1.1248,1.1369,64961.0
2021-11-22,1.1248,1.1291,1.1234,1.1291,104140.0
